Branch_Division,Branch_Centre_20_2_2e_0,Branch_Division
Border Operations (BMO),Border Measures Operations (BMO),Border Operations (BMO)
Business Modernization Project Division,Corporate Management Directorate (CMD),Business Modernization Project Division
Centre for Grants & Contributions Division,Deputy Chief Financial Officer (DCFO),Centre for Grants & Contributions Division
Centre of Expertise,Corporate Management Directorate (CMD),Centre of Expertise
Centre of Expertise Business Operations Division,Corporate Management Directorate (CMD),Centre of Expertise Business Operations Division
Centre of Expertise Business Support Services Division,Corporate Management Directorate (CMD),Centre of Expertise Business Support Services Division
Corporate Management Directorate (CMD),Corporate Management Directorate (CMD),Corporate Management Directorate (CMD)
Corporate Services Planning Division,Corporate Management Directorate (CMD),Corporate Services Planning Division
Deputy Chief Financial Officer (DCFO),Deputy Chief Financial Officer (DCFO),Deputy Chief Financial Officer (DCFO)
Director General's Office,Corporate Management Directorate (CMD),Director General's Office
"Financial, Analytics, & Client Service Division",Deputy Chief Financial Officer (DCFO),"Financial, Analytics, & Client Service Division"
Governance & Strategic Planning,Deputy Chief Financial Officer (DCFO),Governance & Strategic Planning
Realignment Project Division,Corporate Management Directorate (CMD),Realignment Project Division
Resource Management,Deputy Chief Financial Officer (DCFO),Resource Management
Resource Management & Analytics,Deputy Chief Financial Officer (DCFO),Resource Management & Analytics
Strategic IM/IT Planning,Corporate Management Directorate (CMD),Strategic IM/IT Planning
Behavioural Science Division,Centre for Strategic Data Partnerships & Insights (SDPI),Behavioural Science Division
Centre for Corporate Surveillance Coordination (CSC),Centre for Corporate Surveillance Coordination (CSC),Centre for Corporate Surveillance Coordination (CSC)
Centre for Data Management Innovation & Analytics (DMIA),Centre for Data Management Innovation & Analytics (DMIA),Centre for Data Management Innovation & Analytics (DMIA)
Centre for Integrated Risk Assessment (CIRA),Centre for Integrated Risk Assessment (CIRA),Centre for Integrated Risk Assessment (CIRA)
Centre for Strategic Data Partnerships & Insights (SDPI),Centre for Strategic Data Partnerships & Insights (SDPI),Centre for Strategic Data Partnerships & Insights (SDPI)
Data Coordination & Access Program,Centre for Data Management Innovation & Analytics (DMIA),Data Coordination & Access Program
"Data Discovery, Acquisition, and Culture",Centre for Data Management Innovation & Analytics (DMIA),"Data Discovery, Acquisition, and Culture"
Data Enablement Division,Centre for Data Management Innovation & Analytics (DMIA),Data Enablement Division
Data Impact,Centre for Data Management Innovation & Analytics (DMIA),Data Impact
Data Integration,Centre for Data Management Innovation & Analytics (DMIA),Data Integration
Data Science,Centre for Data Management Innovation & Analytics (DMIA),Data Science
"Data Strategy, Policy, & Governance Division",Centre for Data Management Innovation & Analytics (DMIA),"Data Strategy, Policy, & Governance Division"
"Governance, Documentation & Continuous Improvement",Centre for Integrated Risk Assessment (CIRA),"Governance, Documentation & Continuous Improvement"
Horizontal Surveillance Projects,Centre for Corporate Surveillance Coordination (CSC),Horizontal Surveillance Projects
"Methods, Approaches & Processes",Centre for Integrated Risk Assessment (CIRA),"Methods, Approaches & Processes"
Office of the Chief Data Officer,Centre for Data Management Innovation & Analytics (DMIA),Office of the Chief Data Officer
Operations Team,Centre for Integrated Risk Assessment (CIRA),Operations Team
Public Health External Partnerships & Coordination Division,Centre for Strategic Data Partnerships & Insights (SDPI),Public Health External Partnerships & Coordination Division
Public Health Intelligence & Knowledge Translation Division,Centre for Strategic Data Partnerships & Insights (SDPI),Public Health Intelligence & Knowledge Translation Division
Surveillance Capacity Building,Centre for Corporate Surveillance Coordination (CSC),Surveillance Capacity Building
Surveillance Strategic Planning & Governance,Centre for Corporate Surveillance Coordination (CSC),Surveillance Strategic Planning & Governance
COVID-19 Incident Management Structure,Centre for Emergency Response (CER),COVID-19 Incident Management Structure
"Emergency Plans, Exercises, & Special Projects",Centre for Emergency Preparedness (CEP),"Emergency Plans, Exercises, & Special Projects"
GPHIN Tiger Team,Centre for Emergency Preparedness (CEP),GPHIN Tiger Team
Horizontal Policy & Governance,Centre for Emergency Preparedness (CEP),Horizontal Policy & Governance
Public Health Field Services & Training,Centre for Emergency Preparedness (CEP),Public Health Field Services & Training
Public Health Response Operations,Centre for Emergency Response (CER),Public Health Response Operations
Public Health Security & Intelligence Division,Centre for Emergency Preparedness (CEP),Public Health Security & Intelligence Division
Response Coordination,Centre for Emergency Response (CER),Response Coordination
Response Support & Horizontal Integration,Centre for Emergency Response (CER),Response Support & Horizontal Integration
Applied Research Division,Centre for Surveillance & Applied Research (CSAR),Applied Research Division
"Behaviours, Environments & Lifespan Division",Centre for Surveillance & Applied Research (CSAR),"Behaviours, Environments & Lifespan Division"
Centre for Chronic Disease Prevention & Health Equity (CCDPHE),Centre for Chronic Disease Prevention & Health Equity (CCDPHE),Centre for Chronic Disease Prevention & Health Equity (CCDPHE)
Centre for Health Promotion (CHP),Centre for Health Promotion (CHP),Centre for Health Promotion (CHP)
Centre for Surveillance & Applied Research (CSAR),Centre for Surveillance & Applied Research (CSAR),Centre for Surveillance & Applied Research (CSAR)
"Division of Aging, Seniors & Dementia",Centre for Health Promotion (CHP),"Division of Aging, Seniors & Dementia"
Division of Children & Youth,Centre for Health Promotion (CHP),Division of Children & Youth
"Divison of Aging, Seniors & Dementia",Centre for Health Promotion (CHP),"Divison of Aging, Seniors & Dementia"
Executive Director Office,Centre for Chronic Disease Prevention & Health Equity (CCDPHE),Executive Director Office
Global Health & Guidelines Division,Centre for Chronic Disease Prevention & Health Equity (CCDPHE),Global Health & Guidelines Division
Lifespan Chronic Diseases & Conditions Division,Centre for Surveillance & Applied Research (CSAR),Lifespan Chronic Diseases & Conditions Division
Mental Health & Well-being Division,Centre for Health Promotion (CHP),Mental Health & Well-being Division
Parnership & Strategies Division,Centre for Chronic Disease Prevention & Health Equity (CCDPHE),Parnership & Strategies Division
Social Determinants of Health Division,Centre for Chronic Disease Prevention & Health Equity (CCDPHE),Social Determinants of Health Division
Substance-Related Harms Division,Centre for Surveillance & Applied Research (CSAR),Substance-Related Harms Division
Surveillance Systems & Data Management Division,Centre for Surveillance & Applied Research (CSAR),Surveillance Systems & Data Management Division
Atlantic Region,Regional Operations (RO),Atlantic Region
Border Implementation Task Force,Special Projects (SP),Border Implementation Task Force
Border Operations (HSROB),Regional Operations (RO),Border Operations (HSROB)
Border Program and Planning,Regional Operations (RO),Border Program and Planning
Border Program Policy,Centre for Border & Travel Health (CBTH),Border Program Policy
Business Operations Human Resource and Finance Administration,Centre for Biosecurity (CB),Business Operations Human Resource and Finance Administration
Central Notification System,Regional Operations (RO),Central Notification System
Centre for Biosecurity (CB),Centre for Biosecurity (CB),Centre for Biosecurity (CB)
Centre for Border & Travel Health (CBTH),Centre for Border & Travel Health (CBTH),Centre for Border & Travel Health (CBTH)
"Centre for Compliance, Enforcement, & Exemptions (CCEE)","Centre for Compliance, Enforcement, & Exemptions (CCEE)","Centre for Compliance, Enforcement, & Exemptions (CCEE)"
Compliance & Enforcement Operations Division,"Centre for Compliance, Enforcement, & Exemptions (CCEE)",Compliance & Enforcement Operations Division
Compliance & Enforcement Policy,"Centre for Compliance, Enforcement, & Exemptions (CCEE)",Compliance & Enforcement Policy
Conveyances,Centre for Border & Travel Health (CBTH),Conveyances
Emergency Orders & Exemption Review,Special Projects (SP),Emergency Orders & Exemption Review
Exemptions & Compassionate,"Centre for Compliance, Enforcement, & Exemptions (CCEE)",Exemptions & Compassionate
Litigation Team,Centre for Biosecurity (CB),Litigation Team
Manitoba Saskatchewan Region,Regional Operations (RO),Manitoba Saskatchewan Region
Northern Unit,Regional Operations (RO),Northern Unit
Office of Biosafety Programs & Planning,Centre for Biosecurity (CB),Office of Biosafety Programs & Planning
Office of Bipsafety & Biocontainment Operations,Centre for Biosecurity (CB),Office of Bipsafety & Biocontainment Operations
Office of Pathogen Security,Centre for Biosecurity (CB),Office of Pathogen Security
Office of Regulatory Affairs,Centre for Biosecurity (CB),Office of Regulatory Affairs
Office of Stakeholder Affairs,Centre for Biosecurity (CB),Office of Stakeholder Affairs
Office of Travel Health,Centre for Border & Travel Health (CBTH),Office of Travel Health
Ontario Region,Regional Operations (RO),Ontario Region
Planning & Reporting,Regional Operations (RO),Planning & Reporting
"Planning, Performance & Reporting",Centre for Biosecurity (CB),"Planning, Performance & Reporting"
Quarantine Case Management System,"Centre for Compliance, Enforcement, & Exemptions (CCEE)",Quarantine Case Management System
Quebec Region,Regional Operations (RO),Quebec Region
Regional Operations (deprecated),Regional Operations (RO),Regional Operations (deprecated)
Special Projects (SP),Special Projects (SP),Special Projects (SP)
Strategic Border Policy & Planning,Centre for Border & Travel Health (CBTH),Strategic Border Policy & Planning
Testing Directorate (TD),Testing Directorate (TD),Testing Directorate (TD)
Testing Operations Directorate (TOD) (Deprecated),Testing Operation Directorate (TOD) (Deprecated),Testing Operations Directorate (TOD) (Deprecated)
Western Region,Regional Operations (RO),Western Region
Antimicrobial Resistance Division,Centre for Communicable Diseases & Infection Control (CCDIC),Antimicrobial Resistance Division
Antimicrobial Resistance Task Force (AMR-TF),Antimicrobial Resistance Task Force (AMR-TF),Antimicrobial Resistance Task Force (AMR-TF)
"Audit, Evaluation & Performance Measurement",Antimicrobial Resistance Task Force (AMR-TF),"Audit, Evaluation & Performance Measurement"
Centre for Communicable Diseases & Infection Control (CCDIC),Centre for Communicable Diseases & Infection Control (CCDIC),Centre for Communicable Diseases & Infection Control (CCDIC)
Centre for Food-Borne Environmental & Zoonotic Infectious Diseases (CFEZID),Centre for Food-Borne Environmental & Zoonotic Infectious Diseases (CFEZID),Centre for Food-Borne Environmental & Zoonotic Infectious Diseases (CFEZID)
Centre for Immunization & Respiratory Infectious Diseases (CIRID),Centre for Immunization & Respiratory Infectious Diseases (CIRID),Centre for Immunization & Respiratory Infectious Diseases (CIRID)
COVID-19 Therapeutics,Centre for Communicable Diseases & Infection Control (CCDIC),COVID-19 Therapeutics
Executive Director's Office,Centre for Communicable Diseases & Infection Control (CCDIC),Executive Director's Office
Food-Borne Disease & AMR Surveillance Division,Centre for Food-Borne Environmental & Zoonotic Infectious Diseases (CFEZID),Food-Borne Disease & AMR Surveillance Division
Outbreak Management Division,Centre for Food-Borne Environmental & Zoonotic Infectious Diseases (CFEZID),Outbreak Management Division
Pandemic Preparedness & Response Division,Centre for Immunization & Respiratory Infectious Diseases (CIRID),Pandemic Preparedness & Response Division
Policy Integration & Zoonoses Division,Centre for Food-Borne Environmental & Zoonotic Infectious Diseases (CFEZID),Policy Integration & Zoonoses Division
"Policy, Planning & Engagement",Antimicrobial Resistance Task Force (AMR-TF),"Policy, Planning & Engagement"
Prion Diseases Division,Centre for Food-Borne Environmental & Zoonotic Infectious Diseases (CFEZID),Prion Diseases Division
Programs & Parterships Division,Centre for Communicable Diseases & Infection Control (CCDIC),Programs & Parterships Division
Stewardship & Infection Prevention & Control,Antimicrobial Resistance Task Force (AMR-TF),Stewardship & Infection Prevention & Control
STTBI Surveillance Division,Centre for Communicable Diseases & Infection Control (CCDIC),STTBI Surveillance Division
Surveillance & Epidemiology Division,Centre for Immunization & Respiratory Infectious Diseases (CIRID),Surveillance & Epidemiology Division
Surveillance Integration & Transformation,Antimicrobial Resistance Task Force (AMR-TF),Surveillance Integration & Transformation
Biorisk & Occupational Safety Servicse,Scientific Operations & Response (SOR),Biorisk & Occupational Safety Servicse
Border Response,Scientific Operations & Response (SOR),Border Response
Enteric Diseases,Science Refefence & Surveillance (SRS),Enteric Diseases
Genomic Surveillance Systems,Medical & Scientific Affairs (MSA),Genomic Surveillance Systems
Health Security & Response,Scientific Operations & Response (SOR),Health Security & Response
Innovation in Public Health Informatics,Scientific Operations & Response (SOR),Innovation in Public Health Informatics
Laboratory Infrastructure,Scientific Operations & Response (SOR),Laboratory Infrastructure
Laboratory Surveillance & Surge Capacity,Scientific Operations & Response (SOR),Laboratory Surveillance & Surge Capacity
Medical & Scientific Affairs (MSA),Medical & Scientific Affairs (MSA),Medical & Scientific Affairs (MSA)
National & International Laboratory Engagement,Medical & Scientific Affairs (MSA),National & International Laboratory Engagement
National Microbiology Laboratory (NML),National Microbiology Laboratory Branch (NMLB),National Microbiology Laboratory (NML)
One Health,Science Refefence & Surveillance (SRS),One Health
Program Services & Support,Medical & Scientific Affairs (MSA),Program Services & Support
Public Health Risk Sciences,Scientific Operations & Response (SOR),Public Health Risk Sciences
Publich Health Genomics,Medical & Scientific Affairs (MSA),Publich Health Genomics
Quality Office,Medical & Scientific Affairs (MSA),Quality Office
Research & Innovation,Medical & Scientific Affairs (MSA),Research & Innovation
Science Policy & Priorities,Medical & Scientific Affairs (MSA),Science Policy & Priorities
Science Refefence & Surveillance (SRS),Science Refefence & Surveillance (SRS),Science Refefence & Surveillance (SRS)
Science Technology Cores & Services,Science Refefence & Surveillance (SRS),Science Technology Cores & Services
Scientific Informatics Services,Scientific Operations & Response (SOR),Scientific Informatics Services
Scientific Operations & Response (SOR),Scientific Operations & Response (SOR),Scientific Operations & Response (SOR)
Sexually Transmitted Bloodborne Infections,Science Refefence & Surveillance (SRS),Sexually Transmitted Bloodborne Infections
Therapeutics & Countermeasures,Medical & Scientific Affairs (MSA),Therapeutics & Countermeasures
Viral Diseases Division,Science Refefence & Surveillance (SRS),Viral Diseases Division
Business Operations (BO),Business Operations (BO),Business Operations (BO)
Director General's Office (DGO),Director General's Office (DGO),Director General's Office (DGO)
Internal Audit & Special Examinations,Internal Audit (IA),Internal Audit & Special Examinations
Internal Audit (IA),Internal Audit (IA),Internal Audit (IA)
Performance Measurement Planning & Integaration,Internal Audit (IA),Performance Measurement Planning & Integaration
Practice Management,Internal Audit (IA),Practice Management
Program Evaluation & Internal Disclosure,Internal Audit (IA),Program Evaluation & Internal Disclosure
"Bilateral Engagement, Summits & Trade Division",Office of International Affairs for the Health Portfolio (OIAHP),"Bilateral Engagement, Summits & Trade Division"
Multilatetal Relations Division,Office of International Affairs for the Health Portfolio (OIAHP),Multilatetal Relations Division
Official Delegations & Strategic Integration Division,Office of International Affairs for the Health Portfolio (OIAHP),Official Delegations & Strategic Integration Division
Washington Health Counsellor,Office of International Affairs for the Health Portfolio (OIAHP),Washington Health Counsellor
Canada Communicable Disease Report,Office of the Chief Science Officer (OCSO),Canada Communicable Disease Report
Chief Public Health Office Reports,Office of the Chief Public Health Officer (OCPHO),Chief Public Health Office Reports
Corporate Operations,Office of the Chief of Staff (OCOS),Corporate Operations
Office of the Chief of Staff (OCOS),Office of the Chief of Staff (OCOS),Office of the Chief of Staff (OCOS)
Office of the Chief Public Health Officer (OCPHO),Office of the Chief Public Health Officer (OCPHO),Office of the Chief Public Health Officer (OCPHO)
Office of the Chief Science Officer (OCSO),Office of the Chief Science Officer (OCSO),Office of the Chief Science Officer (OCSO)
Outreach Unit,Office of the Chief Public Health Officer (OCPHO),Outreach Unit
Science Excellence Division,Office of the Chief Science Officer (OCSO),Science Excellence Division
Science Innovation & Collaboration Division,Office of the Chief Science Officer (OCSO),Science Innovation & Collaboration Division
Science Policy Unit,Office of the Chief Public Health Officer (OCPHO),Science Policy Unit
Strategic & Risk Communications Unit,Office of the Chief Public Health Officer (OCPHO),Strategic & Risk Communications Unit
Vice President's Office (VPO),Vice President's Office (VPO),Vice President's Office (VPO)
Agency,Public Health Agency of Canada,Agency
Applied Policy Research & Results Division,Strategic Policy Directorate (SPD),Applied Policy Research & Results Division
Cabinet Affairs,Policy Operations Directorate (POD),Cabinet Affairs
Emerging Policy Division,Strategic Policy Directorate (SPD),Emerging Policy Division
Executive Secretariat,Policy Operations Directorate (POD),Executive Secretariat
External Advice & Engagement,PHAC Renewal Directorate (PRD),External Advice & Engagement
Governance Division,PHAC Renewal Directorate (PRD),Governance Division
Intergovernmental & Indigenous Affairs,Intersectoral Collaboration Directorate (ICD),Intergovernmental & Indigenous Affairs
Internal Engagement,PHAC Renewal Directorate (PRD),Internal Engagement
Intersectoral Collaboration Directorate (ICD),Intersectoral Collaboration Directorate (ICD),Intersectoral Collaboration Directorate (ICD)
Knowledge Mobilization & Integration,PHAC Renewal Directorate (PRD),Knowledge Mobilization & Integration
Parliamentary Affairs,Policy Operations Directorate (POD),Parliamentary Affairs
PHAC Renewal Directorate (PRD),PHAC Renewal Directorate (PRD),PHAC Renewal Directorate (PRD)
Policy Development & Integration Division,Strategic Policy Directorate (SPD),Policy Development & Integration Division
Policy Operations Directorate (POD),Policy Operations Directorate (POD),Policy Operations Directorate (POD)
Shared Business Operations,Policy Operations Directorate (POD),Shared Business Operations
Stakeholder Engagement & Public Confidence,Intersectoral Collaboration Directorate (ICD),Stakeholder Engagement & Public Confidence
Strategic Policy Directorate (SPD),Strategic Policy Directorate (SPD),Strategic Policy Directorate (SPD)
"Biomanufacturing, Pandemic Vaccine & Immunization Policy",Centre for Immunization Surveillance (CIS),"Biomanufacturing, Pandemic Vaccine & Immunization Policy"
Centre for Immunization Surveillance (CIS),Centre for Immunization Surveillance (CIS),Centre for Immunization Surveillance (CIS)
COVID-19 Vaccine Surveillance (CVS),COVID-19 Vaccine Surveillance (CVS),COVID-19 Vaccine Surveillance (CVS)
Immunization Program Division,Centre for Immunization Surveillance (CIS),Immunization Program Division
"Operations, Planning & Reporting Team",COVID-19 Vaccine Surveillance (CVS),"Operations, Planning & Reporting Team"
Policy & Coordination Team,COVID-19 Vaccine Surveillance (CVS),Policy & Coordination Team
Vaccine Confidence,Centre for Immunization Surveillance (CIS),Vaccine Confidence
Vaccine Coverage & Effectiveness Monitoring Division,COVID-19 Vaccine Surveillance (CVS),Vaccine Coverage & Effectiveness Monitoring Division
Vaccine Injury Support Program,Centre for Immunization Surveillance (CIS),Vaccine Injury Support Program
Vaccine Safety Surveillance Division,COVID-19 Vaccine Surveillance (CVS),Vaccine Safety Surveillance Division
