Walter,Barnes,,,,,
Anna,Wright,,,,,
Tiana,Bailey,,,,,
Eleanor,Watson,,,,,
Owen,Brown,,,,,
Arnold,Ferguson,,,,,
Aida,Gray,,,,,
Vivian,Scott,,,,,
Spike,Martin,,,,,
Grace,Nelson,,,,,
Kristian,Spencer,,,,,
Sarah,Ross,,,,,
Edith,Farrell,,,,,
Ryan,Alexander,,,,,
Mike,Harris,,,,,
Eric,Kelley,,,,,
Ellia,Hawkins,,,,,
Luke,Thomas,,,,,
Aiden,Russell,,,,,
Amy,West,,,,,
Stuart,Taylor,,,,,
Connie,Watson,,,,,
Hailey,Ryan,,,,,
Rebecca,Harrison,,,,,
Jessica,Perry,,,,,
Dexter,Taylor,,,,,
Vivian,Hawkins,,,,,
Chester,Parker,,,,,
Luke,Bennett,,,,,
Rebecca,Myers,,,,,
Camila,Phillips,,,,,
Jack,Alexander,,,,,
Martin,Kelly,,,,,
Sienna,Hawkins,,,,,
Kirsten,Douglas,,,,,
Carina,Murphy,,,,,
Tyler,Hamilton,,,,,
Nicole,Stewart,,,,,
Wilson,Hamilton,,,,,
Lucas,Cole,,,,,
Alen,Nelson,,,,,
Vincent,Warren,,,,,
Kimberly,Morgan,,,,,
Jenna,Edwards,,,,,
Alissa,Turner,,,,,
Amanda,Lloyd,,,,,
Alford,Montgomery,,,,,
Emma,Robinson,,,,,
Arnold,Higgins,,,,,
Lucia,Wilson,,,,,
Lucas,Kelly,,,,,
Reid,Mitchell,,,,,
Alfred,Walker,,,,,
Stuart,Gray,,,,,
Lilianna,Evans,,,,,
Eddy,Harris,,,,,
Abigail,Dixon,,,,,
Chester,Bennett,,,,,
Vanessa,Payne,,,,,
Roman,Fowler,,,,,
Chelsea,Stewart,,,,,
Myra,Morgan,,,,,
Paige,Dixon,,,,,
Abigail,Walker,,,,,
Catherine,Cole,,,,,
Florrie,Murray,,,,,
Eleanor,Baker,,,,,
Connie,Harper,,,,,
Roman,Foster,,,,,
Jared,Sullivan,,,,,
Briony,Ferguson,,,,,
Adrian,Fowler,,,,,
Grace,Wilson,,,,,
Carl,West,,,,,
Amelia,Hunt,,,,,
Patrick,Thompson,,,,,
Amelia,Hall,,,,,
Alan,Holmes,,,,,
Melissa,Sullivan,,,,,
Elise,Douglas,,,,,
Catherine,Reed,,,,,
Clark,Perry,,,,,
Edwin,Holmes,,,,,
Emily,Wright,,,,,
Emily,Ferguson,,,,,
Henry,Henderson,,,,,
Wilson,Murray,,,,,
Audrey,Rogers,,,,,
Adrianna,Wilson,,,,,
Fiona,Robinson,,,,,
Kristian,Evans,,,,,
Adelaide,Turner,,,,,
Charlie,Wilson,,,,,
Darcy,Davis,,,,,
Patrick,Tucker,,,,,
Harold,Adams,,,,,
Spike,Stewart,,,,,
Vincent,Rogers,,,,,
Preston,Taylor,,,,,
Rafael,Harrison,,,,,