Carlos2,King
Leslie2,Moore
Jessica2,Thompson
John2,Ortega
Juan2,Lewis
Nicole2,David
Andrew2,Scott
Michael2,Hayes
Gary2,Shaffer
Randy2,Ross
Travis2,Maldonado
Lori2,Flynn
Christine2,May
Dr2.,Kristen
Leah2,Howe
Tyrone2,Flores
Stephen2,Washington
Dean2,Miller
Johnny2,Rodriguez
Kevin2,Gamble
Alicia2,Sanchez
Chad2,Macias
Valerie2,Brewer
George2,Bates
Troy2,Garrison
Grace2,Harris
Michael2,Hawkins
Holly2,Davis
Vicki2,Sims
Jessica2,Conner
Erin2,Hunter
Pamela2,Dillon
Patrick2,Morris
Ronald2,Scott
Christian2,Strickland
Anthony2,Kirby
Melanie2,Kelly
Lisa2,Small
Trevor2,Dunn
Tracy2,Spears
Kimberly2,Sutton
Kenneth2,Ellis
Isabella2,Owens
Steven2,Brooks
Anthony2,Munoz
Margaret2,Lawrence
Matthew2,Munoz
Ashley2,Campos
Jared2,Carrillo
Brittney2,Williams
Walter2,Gray
Drew2,Jones
Nathaniel2,Lopez
Kenneth2,Johnson
Angela2,Harris
Courtney2,Meadows
Tracey2,Martinez
Sara2,Porter
James2,Sanders
Tanner2,Stewart
Allison2,White
Frances2,Davis
Jason2,Wallace
Angel2,Russell
Jennifer2,Miles
Jermaine2,Benjamin
Erin2,Parker
Larry2,Davis
Ricky2,Perkins
Ashley2,Hicks
Timothy2,Kline
Erin2,Fisher
Mrs2.,Megan
Tim2,Kline
Debra2,Eaton
Joe2,Davis
Thomas2,Vasquez
Jennifer2,Novak
Kara2,Lee
Kim2,Davis
Michael2,Jones
Thomas2,Mitchell
Paul2,Mosley
Jessica2,Brown
Kaitlin2,Cortez
Andrew2,Flores
Mr2.,Mark
John2,Price
Steven2,Cannon
Anthony2,Nelson
Emily2,Jackson
Alyssa2,Thompson
Carrie2,Proctor
Jessica2,Osborne
Kim2,Carr
Andrew2,Lawson
Chelsea2,Mullins
Summer2,Ramirez
Austin2,Morton
Rachael2,Leon
David2,Smith
Matthew2,Clark
Jonathan2,Savage
Aaron2,Burns
Patricia2,Good
Jeffery2,Jackson
Tyler2,Miller
Heather2,Williams
David2,Garza
Thomas2,Lamb
Eileen2,Jenkins
Michelle2,Martinez
John2,Anderson
Katherine2,Allen
Justin2,Ward
Joseph2,Johnson
Howard2,Baker
Robert2,Smith
Mrs2.,Barbara
Lisa2,Davis
Ronald2,Walker
Angela2,Smith
Ashley2,Holloway
Victoria2,Lopez
Sharon2,Alexander
Lori2,Gonzales
Teresa2,Walker
William2,Hall
Beverly2,Lane
Ryan2,Cabrera
Carlos2,Rivera
Sarah2,Mejia
Kenneth2,Sellers
Chelsea2,Flores
Jason2,Smith
Caleb2,Cisneros
Christopher2,Bates
Jennifer2,Taylor
Wanda2,Parker
Luis2,Banks
Douglas2,Austin
Michael2,Lewis
Taylor2,Martinez
Alisha2,Edwards
Natalie2,Foster
Michael2,Long
Tommy2,Johnson
Patricia2,Hebert
Richard2,Adams
Christopher2,Johnson
Sheri2,Thompson
Sandra2,Powell
Julie2,Williams
Christy2,Davis
Brandon2,Johnson
Michael2,Clark
Diane2,Jones
Annette2,Holmes
Bianca2,Best
Jordan2,Riggs
Madeline2,Bass
Lauren2,Weber
Michael2,Glenn
Virginia2,Atkins
Hannah2,Williams
James2,Guerrero
Edwin2,Brown
Shawn2,Tucker
Raymond2,Campbell
Kevin2,Lee
Casey2,Mckay
Michael2,Young
Jason2,Nelson
Nicholas2,Trujillo
Stephanie2,Brooks
Courtney2,Ellison
Dave2,Weaver
Kelly2,Yang
Dale2,Ramirez
Bryce2,Nicholson
Christopher2,Little
Patrick2,Donaldson
Stanley2,Bentley
Ryan2,Edwards
Beth2,Hopkins
Rebecca2,Austin
Eric2,Rios
Angela2,Rhodes
Lisa2,Mckenzie
Mary2,Chang
John2,Thomas
Rachel2,Williams
Robert2,Garcia
Kristin2,Cervantes
Nathaniel2,Allen
Kyle2,Kim
John2,Daniels
Christopher2,Solis
Jessica2,Hawkins
Ryan2,Sexton
Gregory2,Ryan
Justin2,Herrera
Alicia2,Combs
Derek2,Barnett
Benjamin2,Esparza
Jessica2,Mora
Michelle2,Romero
Ryan2,Nelson
Kathy2,Wagner
James2,Schaefer
Stacey2,Cardenas
Andrew2,King
Phillip2,Thomas
Timothy2,Lee
Brittany2,Rios
Evelyn2,Hammond
Laura2,Boyd
Rachel2,Turner
Colleen2,Norman
Pamela2,Green
Virginia2,Roman
Christopher2,Proctor
Erika2,Hall
David2,Soto
Scott2,Glover
Christina2,Graham
Christopher2,Reilly
Kathy2,Graham
Oscar2,Li
Jennifer2,Elliott
Jonathan2,Roberts
Timothy2,Floyd
Justin2,Cox
Amy2,Lyons
Tyler2,Dickerson
Marcus2,Orozco
Shane2,Robinson
Brandon2,Oliver
Michael2,Chambers
Jonathan2,Payne
Brittany2,Blair
Samuel2,Kerr
David2,Lane
Erica2,Harris
Rachel2,Mcgee
Rebecca2,Donovan
James2,Lopez
Hannah2,Smith
Allison2,White
Randy2,Powers
Jacqueline2,Nelson
Anna2,Larson
Steven2,Mcconnell
David2,Nelson
Matthew2,Bradshaw
Victoria2,Wright
Michael2,Allison
Tracy2,Brock
Ian2,Howe
John2,Jackson
Marie2,Carpenter
Laura2,Davis
Julie2,Murray
Christopher2,Nixon
Krystal2,Bond
Tammy2,Dalton
David2,Mcdowell
Shane2,Henry
Heather2,Price
Jose2,Peters
William2,Tran
Arthur2,Obrien
Joseph2,Murphy
Thomas2,Norman
David2,Davidson
Shelby2,Jackson
Kaitlyn2,Edwards
James2,Greer
Lindsey2,Kelly
Jessica2,Soto
Mark2,Thomas
Brittany2,Gonzalez
Jose2,Jones
Anthony2,Shelton
Michelle2,Stephens
Nathan2,Meyer
Meagan2,Wood
Juan2,Maldonado
Caleb2,Green
Lori2,Brown
Katherine2,Garcia
Alan2,Nguyen
Robin2,Bennett
Ryan2,Meadows
Rachel2,Carter
Jordan2,Stephens
Nancy2,Davies
Mr2.,Steven
Shawn2,Brown
Martin2,Hudson
Michael2,Lamb
Jessica2,Hansen
Caleb2,Chavez
Sarah2,Parker
Jill2,Carter
Jacqueline2,Cole
Dustin2,Maddox
Lauren2,Solomon
Heather2,Gates
Anthony2,Brown
Denise2,Ramos
Derek2,Chandler
Alexis2,Robinson
John2,Lewis
Marcus2,Hayes
Michael2,Ellis
Stephen2,Moses
William2,Burgess
Devon2,Schmidt
Rebecca2,King
Tony2,Marshall
Michael2,Perez
Jacqueline2,Cook
Mr2.,Michael
Jacob2,Morris
Sarah2,Nguyen
Rachel2,Johnson
Ronald2,Sloan
Jesse2,Bass
Ana2,Thomas
Kara2,Taylor
Vanessa2,Mcdonald
Marc2,Moon
Darryl2,Velasquez
Heather2,Rodriguez
Kyle2,Vasquez
Michaela2,Smith
Barbara2,Taylor
Vicki2,Chavez
Michael2,Thomas
Jonathan2,Cunningham
Mrs2.,Tammy
Christine2,Keller
Melissa2,Moore
Adam2,Craig
Tina2,Martinez
Nicholas2,Dunn
Michael2,Robinson
Victoria2,Walker
Brian2,Hughes
Kevin2,Hall
Brittany2,Ford
Jeremiah2,Hudson
Toni2,Rogers
Jacqueline2,Spears
Larry2,Maynard
Austin2,Hanson
Heather2,Silva
Michael2,Smith
Nicole2,Carroll
Joel2,Berry
Wendy2,Johnson
Sharon2,Gordon
Dr2.,Karen
Nathan2,Martinez
James2,Davis
Monica2,Fields
Christopher2,Carter
Keith2,Hall
Robert2,Castillo
Richard2,Wood
Karen2,Gill
Gary2,Davis
Sydney2,Thomas
Anita2,Fisher
Rachael2,Jones
Alexa2,Fowler
Rebecca2,Garcia
Lori2,Summers
Daniel2,Hardy
Jaime2,Sanchez
Juan2,Levy
Linda2,Aguirre
Jesse2,Richardson
Vanessa2,May
Anthony2,Russell
Amber2,Mccarthy
Chad2,Villa
Renee2,Olson
Anthony2,Obrien
Catherine2,Chen
Jamie2,Bryant
Dakota2,Villegas
Michael2,Hughes
Lance2,Henderson
Matthew2,Smith
Derek2,Garza
Catherine2,Campbell
Todd2,Wright
Bailey2,Friedman
Cheryl2,Campbell
Kevin2,Parker
Lisa2,Walker
Tammy2,Robinson
Dr2.,Brittany
Melissa2,Jenkins
Samantha2,Allen
Kaitlyn2,Ross
Matthew2,Obrien
Sara2,Gonzalez
Regina2,Morrison
Jacob2,Contreras
Brittany2,Hamilton
Ms2.,Taylor
Amanda2,Webster
Jessica2,Haney
Bryan2,Alexander
Jerry2,Garcia
Tommy2,Beard
Michael2,Herrera
Kathleen2,Benitez
Anthony2,Merritt
Jeremy2,Jones
Andrew2,Carpenter
Keith2,Estes
Ralph2,Wise
Ms2.,Sarah
Emily2,Long
Thomas2,Norman
Cynthia2,Young
Gregory2,Mclean
Eric2,Reynolds
Tammie2,Frost
Gregory2,Gomez
Mr2.,Mario
Rachel2,Savage
Keith2,Frazier
John2,George
Ana2,Cobb
Allison2,Palmer
David2,Harmon
Kelly2,Hays
Amy2,Baker
Kelsey2,Hull
Jeffrey2,Johnson
Bailey2,Holden
Rodney2,Ortiz
Kimberly2,Sanders
Melissa2,Rogers
Wendy2,Brown
Phillip2,Edwards
Sara2,Fisher
Lisa2,Pineda
Robert2,Erickson
Lawrence2,Woods
David2,Black
Brenda2,Morrow
Robert2,Sullivan
Andrew2,Blackwell
Benjamin2,Morris
Justin2,Patel
David2,Martinez
Rebecca2,Johnson
Mr2.,Phillip
Jennifer2,Aguilar
Heather2,Gilbert
Maria2,George
William2,Adams
William2,Young
Sarah2,Bradley
Pamela2,Guzman
Sean2,Salazar
Devon2,Marquez
Ashley2,Scott
Richard2,Harris
Kenneth2,Jones
Madison2,Coleman
Gregory2,Estrada
Mary2,Kim
Andrea2,Jimenez
Richard2,Myers
Brian2,Green
Joel2,Townsend
Ashley2,Mccann
Patricia2,Miller
Nicole2,Williams
Michele2,Parrish
Amy2,Newman
Marie2,Tucker
Tony2,Richard
Catherine2,Hall
Tammy2,Paul
Leah2,Ramirez
John2,Barnes
Jennifer2,Cook
Joseph2,Davis
Alicia2,Nguyen
Michael2,Novak
Heather2,Gonzalez
Joseph2,Lawson
Krystal2,Bailey
Brian2,Grimes
Makayla2,Wright
Jacqueline2,Davidson
Steven2,Andrews
Margaret2,Garrett
Brian2,Hawkins
Robert2,Francis
Abigail2,Jackson
Randall2,Bullock
Scott2,Holden
Shannon2,Bates
Robert2,Gomez
Cathy2,Hogan
Kevin2,Ruiz
Adam2,Day
Christopher2,Hughes
Holly2,Wheeler
Ms2.,Stephanie
Alexander2,White
Christopher2,Shields
Sara2,Bailey
Carrie2,Wagner
Stephen2,Davis
Angela2,Mcguire
David2,Cain
Kelsey2,Burke
Brian2,Orozco
Nancy2,Hughes
William2,Lynch
Frank2,Dunlap
Jonathan2,Evans
Donald2,Stokes
Lindsey2,Caldwell
Jacob2,Lewis
Travis2,Lopez
Kimberly2,Nguyen
Sherry2,Reyes
Edward2,Ho
Cory2,Harrison
Jeremy2,Rivas
Emily2,Clark
Ann2,Gilbert
Linda2,Nelson
Cynthia2,Smith
Danielle2,Rush
Adam2,Walker
Fernando2,Young
Justin2,Joyce
Nicholas2,Villa
Melissa2,Meza
Evan2,Mcknight
Samantha2,Newman
William2,Garcia
Robert2,Perez
Michael2,Coleman
William2,Terry
Renee2,Young
Emily2,Sanders
Timothy2,Avila
Derek2,Moore
Barry2,Price
Tina2,Brooks
Jerry2,Davis
Derek2,Acosta
Michele2,Ellis
Carolyn2,Ward
Janice2,Vega
Jason2,Cruz
Nathan2,Schultz
Holly2,Gentry
Kenneth2,Richardson
Brandi2,Schmitt
Logan2,Strickland
Melissa2,Jones
Brent2,Everett
Benjamin2,Shields
Christopher2,Berry
Chad2,Hancock
Victoria2,Miller
Jeffrey2,Jensen
Andrea2,Carpenter
Jessica2,Martin
Robert2,Dixon
Janet2,Lee
Courtney2,Mcfarland
Sabrina2,Boyle
Steven2,Hurst
Jason2,Calhoun
Karina2,Harper
Julie2,Anderson
Mary2,Lynch
Brittany2,Brown
Mark2,Thompson
Tracy2,West
Jordan2,Rodriguez
Melissa2,Golden
Matthew2,Foster
Barbara2,Hanson
Sara2,Mason
Regina2,Moore
Jennifer2,Johnson
Mary2,Pena
Karen2,Butler
Melissa2,Burnett
Sara2,Rodriguez
Mitchell2,Trujillo
Anthony2,Sparks
Tony2,Rodriguez
Christina2,Myers
Whitney2,Hall
Luke2,Mays
Christina2,Stevens
William2,Huynh
Taylor2,Turner
Lisa2,Potts
Stephanie2,Porter
Michelle2,Greer
Madison2,Martinez
Frederick2,Hernandez
Cody2,Jackson
Christopher2,Ruiz
Nathan2,Marquez
Christopher2,Smith
Jody2,Bentley
Russell2,Torres
Richard2,Lawson
James2,Fox
Cheryl2,Calhoun
Chelsea2,Berger
Daniel2,Frank
Kelsey2,Alvarez
Jeffrey2,Cantu
Jack2,Stokes
Timothy2,Stevens
Ronald2,Alvarado
Cheryl2,Foster
Erica2,Clark
Daniel2,Bowman
Margaret2,Nunez
Brian2,Townsend
Hannah2,Martin
Steven2,Robles
Johnny2,Roth
Shawn2,Taylor
Kenneth2,Little
Johnathan2,Price
Theresa2,Delacruz
Ryan2,Jones
Jacob2,Garcia
James2,Reynolds
Angelica2,Taylor
Alexander2,Miller
Ronald2,Valencia
Ariel2,Smith
Michelle2,Bell
Terry2,Payne
Robert2,Fischer
Malik2,Garcia
Melanie2,Brooks
Lucas2,Morales
Melissa2,Thompson
Jasmin2,Perez
Laura2,Vaughan
Marie2,Delacruz
Taylor2,Doyle
Andrea2,Brown
Ryan2,Nolan
Grant2,Owen
William2,Hawkins
Sarah2,Moreno
Travis2,Miller
Jose2,Singh
Shelley2,Rojas
Stanley2,Price
Sharon2,Medina
Denise2,Mendoza
Erica2,Sims
Michael2,Walker
Alexander2,Johnson
Jeremy2,Conner
Steven2,Stanton
Corey2,Padilla
Richard2,Young
Amy2,Marshall
Katherine2,Smith
Diane2,Carson
Jeremy2,Ross
Rachel2,Thompson
William2,Williams
Anthony2,Lowery
Susan2,Mitchell
Kimberly2,Rose
Brett2,Ellis
Nathan2,Winters
Roberta2,Frazier
Michelle2,Sims
Kirsten2,Gomez
Ashley2,Hughes
Eric2,Moore
Kevin2,Stevens
Shane2,Chandler
Robert2,Sellers
Denise2,Peterson
Steven2,Richardson
Christopher2,Stephenson
Kathy2,Cowan
Frances2,Roberts
April2,Sherman
Nathan2,Reed
Joseph2,Wood
Elizabeth2,Perez
Holly2,Lane
Angela2,Brown
Erica2,Hansen
Marissa2,Ray
Carol2,Lee
Vickie2,Frazier
Sarah2,Johnson
Christie2,Madden
Melissa2,Jones
Victoria2,Frederick
Selena2,Warner
Virginia2,Copeland
Katelyn2,Young
Andrea2,Smith
Lance2,Mendoza
William2,Armstrong
Mark2,Boyle
Kyle2,Baldwin
William2,Cruz
Robert2,Davis
Grace2,Maldonado
Jessica2,Johnson
Barbara2,Brown
Brandon2,Mckenzie
Carrie2,Willis
Patrick2,Peck
Chelsea2,Cole
Sarah2,Hunt
Derrick2,Strickland
Kevin2,Carney
Diana2,Potter
Jordan2,Shaw
Thomas2,Russell
Jordan2,Pearson
Andrea2,Randolph
Michael2,Rich
Robin2,Thomas
David2,Adams
Laura2,Hodges
Theresa2,Weber
Destiny2,Haynes
Debra2,Bailey
Beth2,Schaefer
Travis2,Thompson
Evan2,Gibson
Katrina2,Barton
Katelyn2,Jenkins
David2,Wilson
Luke2,Hughes
James2,Barnes
Joshua2,Pineda
Nancy2,Hernandez
Jeffrey2,Church
Franklin2,Green
Kelly2,Miles
Steven2,Dunlap
Catherine2,Chavez
David2,Ramirez
William2,Gutierrez
Preston2,Hale
Devin2,Garcia
Karen2,Carrillo
Andrew2,Armstrong
Laura2,Stone
Jose2,Rollins
Jacob2,Kelly
Joann2,Ware
Christina2,Davis
Tammy2,Cain
Hannah2,Jones
Kerry2,Valencia
Rebecca2,Morgan
Stephanie2,Harrison
Jose2,Harvey
James2,Camacho
Christina2,Clark
Connie2,Weiss
Tasha2,Byrd
Christopher2,Bradley
Zachary2,Herrera
Alison2,Martin
Taylor2,Dawson
Karen2,Estes
Anne2,Buchanan
Rachel2,Huang
Renee2,Garrett
Samuel2,Smith
Cody2,West
Christopher2,Nixon
Michael2,Robertson
Brian2,Bailey
Elizabeth2,Atkinson
Laura2,Castro
Miguel2,Brown
Kathleen2,Moreno
Lindsey2,Kim
Sheryl2,Perez
Michelle2,Stephenson
Mrs2.,Stephanie
Patricia2,Vincent
Thomas2,Williamson
Steve2,West
Jeremiah2,Brown
Dr2.,Gordon
Teresa2,Newton
Dr2.,Guy
Michael2,Jenkins
Kimberly2,Montgomery
Marcus2,Henry
Katie2,Cruz
Robert2,Ramirez
April2,Harrington
Pamela2,Edwards
Steven2,Booth
Tony2,Castaneda
Sarah2,Clark
Tyler2,Hansen
Patrick2,Barry
Robert2,Walters
Bob2,Patton
Matthew2,Hernandez
Jesse2,Edwards
Gregory2,Ramos
Christopher2,Lee
Maria2,Baker
Debra2,Wallace
Mary2,Conrad
Kathleen2,Guerrero
Wesley2,Miller
Joshua2,Johnson
Samantha2,Wood
Patricia2,Morris
Steven2,Morales
Gail2,Ellis
Jeremy2,Davis
Robert2,Curry
Roberto2,Morris
Susan2,Lane
John2,Phillips
Jennifer2,Brown
Justin2,Smith
Kimberly2,Gutierrez
Paul2,Miranda
Rebecca2,Hall
Marvin2,Contreras
Craig2,Smith
Cathy2,Allen
Erik2,Moore
Courtney2,Scott
Andrew2,Obrien
Brett2,Cunningham
Alexandra2,Byrd
Joel2,Edwards
Michael2,Porter
Jessica2,Bennett
James2,Hood
Timothy2,Duncan
Mr2.,Jose
Lisa2,Banks
Richard2,Johnson
Roger2,Burton
Kaitlin2,Lara
Jonathan2,Price
Jessica2,Calderon
David2,Nelson
Jordan2,Wolfe
Raymond2,Choi
Joe2,Lee
Thomas2,Bennett
Daniel2,Warren
Eric2,Waller
Mark2,Patterson
Ricardo2,Williams
Latoya2,Lawrence
Michael2,Briggs
Donald2,Scott
Charles2,Smith
Stacy2,Coleman
Laura2,Reyes
Steve2,Miller
Vincent2,Wood
Francisco2,Perry
Ronald2,Ortiz
James2,Spencer
Kristopher2,Hayden
Hayley2,Christian
Gary2,Turner
Douglas2,Thomas
Tiffany2,Wilson
Rodney2,Woods
Dr2.,Christopher
Kelly2,Chavez
Daniel2,Campbell
Hunter2,Padilla
Jeremy2,Schmidt
Robert2,Davis
Katherine2,Garcia
Alexis2,Mason
Joseph2,King
Luke2,Robinson
Natalie2,Braun
Joseph2,Hall
Drew2,Harmon
Megan2,Williamson
Jacqueline2,Turner
Melissa2,Jenkins
Rebecca2,Miller
Terry2,Higgins
Stephen2,Mccarthy
Destiny2,Rose
Jose2,Ford
Travis2,Long
Joshua2,Gentry
Frank2,Gonzales
Jessica2,Shah
Jenna2,Wilson
Anthony2,Ross
Ashley2,Lopez
Nicole2,Jones
Leah2,Scott
Christopher2,Myers
Ryan2,Garner
Sabrina2,Serrano
William2,Haley
Robert2,Mathews
Bradley2,Thomas
Brian2,Perry
Robert2,Fernandez
Dawn2,Bell
Alexander2,Huffman
Mrs2.,Kimberly
Robert2,Gibson
Wesley2,Cox
Erik2,Simmons
Samuel2,Gutierrez
Cynthia2,Hernandez
Daniel2,Beck
Susan2,Schaefer
Jeffrey2,Gonzalez
Jeremy2,Gomez
Amber2,Short
Kelly2,Riley
Ryan2,Young
Paul2,Matthews
Amy2,Clark
Charles2,Vasquez
Kelly2,Branch
Kent2,Oconnell
Lisa2,Ayala
John2,Stein
Jimmy2,Anderson
Megan2,Kelly
Joseph2,Campbell
Javier2,Young
Monique2,Rodriguez
Linda2,Johnson
Michael2,Medina
Sheila2,Russell
Timothy2,Rose
Jeffrey2,Jackson
Richard2,Hill
Marc2,Ramirez
Douglas2,Scott
John2,Chavez
Carolyn2,Doyle
Christopher2,Ware
Patrick2,Miller
David2,Harris
Aaron2,Townsend
Melanie2,Aguilar
Johnathan2,Nelson
John2,Meyer
Ricky2,Boyle
Erika2,Rose
Amanda2,Parrish
Valerie2,Cooper
James2,Flowers
Jennifer2,Mcguire
Charles2,Edwards
John2,Grant
John2,Sanchez
Ashley2,Miller
Justin2,Lewis
Karen2,Nguyen
Edward2,Flores
Maria2,Greer
Donald2,King
Hannah2,King
Kara2,Curtis
Jennifer2,Sexton
Adriana2,Spencer
Vincent2,Myers
Elizabeth2,Rodriguez
Tina2,Salinas
Julie2,Harvey
Joseph2,Ramirez
Bryan2,Graham
Samantha2,Long
Charles2,Martinez
Amanda2,Avila
Chelsey2,Coleman
Christine2,Baker
Olivia2,Hall
Roy2,Gonzalez
Jennifer2,Poole
Dr2.,George
Justin2,Alexander
Jessica2,Cook
Kathleen2,Taylor
Anthony2,Walters
Ashley2,Hill
John2,Martin
Kenneth2,Herrera
Steven2,Wang
Rachel2,Davis
Robert2,Vasquez
Kylie2,Burnett
Danielle2,Brady
Jonathon2,Taylor
George2,Fisher
Samantha2,Sellers
Max2,Fitzpatrick
Brian2,Johnson
John2,Kelly
Charles2,Perez
Melissa2,Calderon
Andrew2,Keller
Susan2,Ewing
Jacob2,Hurst
James2,Brown
Ann2,Glenn
George2,Lindsey
Jeffrey2,Griffin
Curtis2,Flowers
Matthew2,Myers
Eric2,Buck
Misty2,Young
Amy2,Herrera
Stephen2,Walker
Jordan2,Dixon
Tamara2,Hardy
Phillip2,Jacobson
Joshua2,Johnson
Melanie2,Ellison
Tracy2,Santiago
Paul2,Porter
John2,Keith
Mrs2.,Victoria
Victor2,Fox
April2,Hays
Carlos2,Ray
Vanessa2,Long
Marc2,Guerrero
Ricky2,Patterson
Emma2,Terry
Anne2,Flores
Mrs2.,Karen
Joseph2,Jensen
Jordan2,May
Melissa2,Oneal
Sharon2,Smith
Joanna2,Price
Angela2,Hampton
Timothy2,Villanueva
Thomas2,Bond
Elizabeth2,Padilla
Stephanie2,Gordon
Helen2,Ferguson
Adam2,Black
Kevin2,Dixon
Jorge2,Johnson
Cameron2,Silva
William2,Diaz
Lisa2,Lindsey
Scott2,Smith
Amy2,Erickson
William2,Vasquez
Sandra2,Coffey
Michael2,Merritt
Henry2,Villa
Brandon2,Campbell
Samuel2,Lewis
Anita2,Olson
James2,Kirk
Christopher2,Mccullough
Gregory2,Gamble
Jeffrey2,Cook
Joseph2,Ferguson
Robin2,Richardson
Ashley2,Moody
Bobby2,Adams
Scott2,Cole
Tyler2,Gray
Brett2,Williams
Donna2,Guerrero
Danny2,Mooney
Lindsey2,Anderson
Brenda2,Sanchez
John2,Austin
John2,Sims
Nicholas2,Leonard
Thomas2,Taylor
Tammy2,Garza
Julia2,Thompson
Jermaine2,Jackson
Michael2,Torres
Christopher2,Moore
Jasmine2,Torres
Brittany2,Massey
Chelsea2,Mendoza
Randy2,Anderson
Jonathon2,Young
William2,Perez
Lisa2,King
Kelsey2,Pitts
Mrs2.,Stacey
James2,Pierce
Javier2,Garza
Steven2,Wright
Emily2,Deleon
Stephen2,Hartman
Dr2.,Catherine
Elizabeth2,Hardin
Lynn2,Snyder
Cheryl2,Stafford
Brian2,Morrison
Devon2,Williams
Kelly2,Gibson
Erica2,Li
Isaac2,Lee
Robert2,Hess
Kathryn2,Montgomery
Nicole2,May
Lisa2,Harris
Christopher2,Ferguson
Michael2,Harris
Isabella2,Williams
Sandra2,Wiley
Amanda2,Sexton
Mr2.,Devin
Catherine2,Neal
Stephanie2,Rodriguez
Jacob2,Brown
Cheryl2,Gibson
Christine2,Ingram
Mark2,Miller
Erin2,Key
Brian2,Mccann
Dawn2,Thompson
Monica2,King
Ralph2,Allen
Richard2,Smith
Sean2,Rodriguez
Isabel2,Morales
James2,Schwartz
Holly2,Ray
Jeffery2,Ramirez
Andrea2,Stephenson
Selena2,Reyes
James2,Mitchell
Keith2,Reeves
Ryan2,Pham
Sarah2,Hopkins
Alexis2,Haley
Jon2,Park
Evelyn2,Harris
Brenda2,Tran
William2,Garcia
Danielle2,Fernandez
Lori2,Jones
Mrs2.,Jill