Joshua,Lewis
Joshua,Frey
Christopher,Anderson
Jonathan,Mitchell
Donna,Russell
Michele,Howard
Pamela,Scott
Brian,Davis
Sandra,Howard
Anthony,Davenport
Brian,Chapman
Julia,Martinez
Edwin,Adams
Joan,Patel
Justin,Estes
Kelly,Williams
Heather,Andrews
Brianna,Wright
Amanda,Hayes
Donald,Garcia
Joseph,Smith
Traci,Miller
Deanna,Perez
Donna,Williams
Nicole,Sanders
Ricky,Taylor
Amber,Gaines
Raymond,Valentine
Raymond,Howell
David,Wong
Jocelyn,Johnson
Ryan,Gonzalez
Katherine,Duarte
Michele,Gibson
Steven,Stuart
Emily,Hunt
Briana,May
Frances,Aguilar
Bradley,Hatfield
Adam,Lopez
Daniel,Watkins
Bryan,Patel
Hailey,Haley
Jared,Kim
Jessica,Pugh
Julie,Morris
Kevin,Thompson
Vanessa,Vasquez
Lisa,Jones
Anne,Odom
Jamie,Hanson
Laura,Brooks
Larry,Todd
Sharon,Taylor
Melissa,Beasley
Maria,Carr
Jennifer,Chang
Joshua,Martinez
David,Herrera
Brandon,Alvarado
Jose,Rubio
Jaime,Johnson
John,Schultz
Jimmy,Davis
Michael,Quinn
Taylor,Peters
Candice,Bird
Ashlee,Hunt
Alan,Miller
Lauren,Brown
Blake,Brown
Suzanne,Porter
Nicole,Church
Danielle,Diaz
Daniel,Andrews
Donna,Bennett
Keith,Williams
Jesse,Gonzalez
John,Villegas
Jeremy,Skinner
Beth,Houston
Carrie,Graves
Tanya,Walker
Dillon,Yang
Kenneth,Pearson
Jennifer,Wolf
Michael,Bright
Kimberly,Brooks
Deborah,Cardenas
Kara,King
Bridget,Morris
Bobby,Monroe
Robert,Marquez
Richard,Allison
Sean,Andersen
Christopher,Mercer
Joseph,Long
Sylvia,Holder
Krista,Baker
Meghan,Jordan
Amanda,Manning
Terry,Thomas
Mason,Kaiser
Larry,Dawson
Andrew,Marshall
Michaela,Smith
Michael,Daniels
Christopher,Wheeler
Kaylee,Franklin
Amanda,Miller
Stephen,Ball
Kenneth,Hall
Ronald,Lopez
Jessica,Haynes
Alicia,Cummings
Frank,Duffy
Joshua,Peterson
Steven,Thompson
Janice,Khan
Candice,Flores
Erica,Morris
Colleen,Meyer
Jamie,Tran
Francisco,Watson
Jeremy,James
April,Adams
Cheryl,Carpenter
Henry,Schwartz
Johnny,Morris
James,Mason
Jacob,Perez
Carl,Parker
Zachary,Durham
Frank,Greene
Eric,Allen
Matthew,Thomas
Mark,Williams
Travis,Long
Christopher,Gaines
Brittany,Cook
Kevin,Salas
Sara,Weaver
Belinda,Browning
Derek,Kelly
Emily,Heath
Isabella,Sosa
Leah,Fields
Cynthia,Sullivan
David,Klein
Ashley,Patel
John,Delgado
Hannah,Mitchell
David,Mason
Michael,Friedman
Erik,Adams
William,Guzman
Douglas,Holloway
Gregory,Henry
Jamie,Clark
Ronald,Reeves
Mackenzie,Lee
Tina,Smith
Nicole,Rosales
Daniel,Romero
William,Bell
Phillip,Mayer
Robert,Cunningham
Michael,Harris
Jennifer,Medina
Kathleen,Butler
Amy,Rodriguez
Susan,Thomas
Linda,Hill
Christopher,Boyle
Steven,Smith
Thomas,Thompson
Nancy,Lawson
Nicholas,Mullins
David,Crawford
Michelle,Douglas
Benjamin,Hamilton
Zachary,Leblanc
Gary,Nash
Sabrina,Dunn
Deanna,Stein
Samantha,Williams
Jacqueline,Burns
Jerome,Cabrera
Jackie,Clark
Jamie,Boyd
Priscilla,Myers
Julie,Best
Alison,Williamson
Traci,Martin
Timothy,Chapman
Susan,Sparks
Miguel,Lee
David,Moore
Jerry,Macdonald
David,Vega
James,Hale
Barbara,Harris
Madison,Armstrong
Shannon,Jones
Brent,Graham
Thomas,Ramos
Cynthia,Stanton
Adrian,Mcintosh
Paul,Robinson
Mrs.,Patricia
Derrick,Lewis
Randy,Sanchez
Zachary,Ross
Carla,Perez
Dr.,Crystal
Kayla,Simpson
Haley,Armstrong
Randy,Duncan
Brittany,Stewart
Kristina,Garcia
Diana,Swanson
Kelly,Smith
Michele,Chandler
Matthew,Byrd
Kevin,Parsons
Craig,Shelton
Priscilla,Blanchard
Diane,Doyle
Nicholas,Macias
Ryan,Moore
Alexandra,Guzman
John,Williams
Jeremy,Cruz
Sarah,Davis
Kyle,Smith
Linda,Rivera
Robin,Daugherty
Stephanie,Smith
John,Wood
Cheryl,Gonzalez
Deanna,Garcia
Bonnie,Hernandez
Lisa,Allison
Douglas,Maynard
Adam,Neal
Anne,Rojas
Jonathan,Mckinney
Ellen,Lopez
Karen,Smith
Derek,Cook
Brooke,Stone
Gail,Diaz
Sarah,Small
Monica,Elliott
John,Merritt
Sean,Rivera
Garrett,Johnson
Cheryl,Taylor
Veronica,Parker
Melissa,Martinez
Michael,Barker
Steven,Larson
Johnny,Pena
Maurice,Sanders
Denise,Rivera
Matthew,Mitchell
Ricardo,Garcia
John,Harvey
Charlene,Lee
Stephanie,Dennis
Erika,Pearson
Carl,Smith
Gregory,Baker
Kyle,Mccarthy
Peter,May
Kevin,Walsh
Peter,Rose
Thomas,Thomas
Jonathon,Johnson
Allison,Brooks
Jessica,Meyer
Denise,Mcdonald
Alexander,White
Marcus,Stein
Bryan,Robles
Lisa,Rodriguez
Melinda,Nguyen
Denise,Moyer
Charles,Murray
Kristen,Shannon
Denise,Ortiz
Patricia,Gross
Alison,Miller
Kathleen,Poole
Jennifer,Garza
Michael,Warner
Jill,Crosby
Patricia,Cortez
Diane,Ramirez
Elizabeth,King
Deanna,Ellis
Michael,Evans
Julie,Graham
David,Bell
Kristina,Pearson
Heidi,Robinson
Carol,Shepherd
Brendan,Hanson
Andrea,Wong
Joel,Clark
Eric,Richardson
Bernard,Garrison
Timothy,Gutierrez
Stacey,Stephens
Brian,Thompson
Andrew,Robinson
Erin,Smith
Melissa,Myers
John,Foster
Amanda,Hopkins
Jane,King
Kenneth,Brown
Dan,Shields
Robert,Pennington
Michael,Jones
Michael,Pope
Gary,Turner
Adam,Fowler
Patricia,Arellano
Melissa,Holmes
Richard,Fernandez
Taylor,Becker
Jenna,Santos
Cynthia,Lutz
Charles,Daniels
Meagan,Patel
Mary,James
Molly,Romero
Debra,Schmidt
Mathew,Boyd
Austin,Warren
Vickie,Russell
Kevin,Oneal
Sarah,Diaz
David,Hester
Anita,Snow
Heather,Gilbert
Margaret,Roberts
Deborah,Grimes
Ruben,Chan
Daniel,Le
Sandra,Savage
Taylor,Weber
Adrian,Bailey
Stephen,Blackburn
Laura,Miranda
Steven,Diaz
Lance,Johnson
Lindsay,Rogers
Tony,Rowe
Michael,Lewis
Tiffany,Simmons
Donna,Pope
Sandy,Lynch
Kelly,Green
Lindsey,Pacheco
Mario,Black
Erica,Evans
Wesley,Williams
Emily,Morrow
Stephen,Decker
Carly,Rojas
Anna,Torres
George,Owens
Tiffany,Andrews
Jonathan,Higgins
Antonio,Ayala
Casey,Rivera
Lisa,Kelly
Jessica,Greene
Claudia,Roberson
Francis,Hernandez
John,Gonzalez
Ronald,Vasquez
Reginald,Elliott
Tyler,Duncan
Wesley,Lin
Cassie,Murphy
Joseph,Adams
Alicia,Dillon
Donna,Clark
Laura,Schmidt
Mark,Reed
Rebecca,Mcdonald
Laura,Jones
Michael,Combs
Victoria,Nash
Sean,Kelly
Ricky,Taylor
Brian,Huang
Brandon,Williams
Paul,Myers
Brandi,Brady
Deborah,Harris
Michelle,Howe
Brian,Klein
Katie,Holmes
Ryan,Robinson
Joshua,Clark
Lisa,Hart
Claire,Crane
Jake,Torres
Mark,Garrett
Nicholas,Miller
Leslie,Dixon
Jason,Roman
Emily,Lambert
Carlos,King
Leslie,Moore
Jessica,Thompson
John,Ortega
Juan,Lewis
Nicole,David
Andrew,Scott
Michael,Hayes
Gary,Shaffer
Randy,Ross
Travis,Maldonado
Lori,Flynn
Christine,May
Dr.,Kristen
Leah,Howe
Tyrone,Flores
Stephen,Washington
Dean,Miller
Johnny,Rodriguez
Kevin,Gamble
Alicia,Sanchez
Chad,Macias
Valerie,Brewer
George,Bates
Troy,Garrison
Grace,Harris
Michael,Hawkins
Holly,Davis
Vicki,Sims
Jessica,Conner
Erin,Hunter
Pamela,Dillon
Patrick,Morris
Ronald,Scott
Christian,Strickland
Anthony,Kirby
Melanie,Kelly
Lisa,Small
Trevor,Dunn
Tracy,Spears
Kimberly,Sutton
Kenneth,Ellis
Isabella,Owens
Steven,Brooks
Anthony,Munoz
Margaret,Lawrence
Matthew,Munoz
Ashley,Campos
Jared,Carrillo
Brittney,Williams
Walter,Gray
Drew,Jones
Nathaniel,Lopez
Kenneth,Johnson
Angela,Harris
Courtney,Meadows
Tracey,Martinez
Sara,Porter
James,Sanders
Tanner,Stewart
Allison,White
Frances,Davis
Jason,Wallace
Angel,Russell
Jennifer,Miles
Jermaine,Benjamin
Erin,Parker
Larry,Davis
Ricky,Perkins
Ashley,Hicks
Timothy,Kline
Erin,Fisher
Mrs.,Megan
Tim,Kline
Debra,Eaton
Joe,Davis
Thomas,Vasquez
Jennifer,Novak
Kara,Lee
Kim,Davis
Michael,Jones
Thomas,Mitchell
Paul,Mosley
Jessica,Brown
Kaitlin,Cortez
Andrew,Flores
Mr.,Mark
John,Price
Steven,Cannon
Anthony,Nelson
Emily,Jackson
Alyssa,Thompson
Carrie,Proctor
Jessica,Osborne
Kim,Carr
Andrew,Lawson
Chelsea,Mullins
Summer,Ramirez
Austin,Morton
Rachael,Leon
David,Smith
Matthew,Clark
Jonathan,Savage
Aaron,Burns
Patricia,Good
Jeffery,Jackson
Tyler,Miller
Heather,Williams
David,Garza
Thomas,Lamb
Eileen,Jenkins
Michelle,Martinez
John,Anderson
Katherine,Allen
Justin,Ward
Joseph,Johnson
Howard,Baker
Robert,Smith
Mrs.,Barbara
Lisa,Davis
Ronald,Walker
Angela,Smith
Ashley,Holloway
Victoria,Lopez
Sharon,Alexander
Lori,Gonzales
Teresa,Walker
William,Hall
Beverly,Lane
Ryan,Cabrera
Carlos,Rivera
Sarah,Mejia
Kenneth,Sellers
Chelsea,Flores
Jason,Smith
Caleb,Cisneros
Christopher,Bates
Jennifer,Taylor
Wanda,Parker
Luis,Banks
Douglas,Austin
Michael,Lewis
Taylor,Martinez
Alisha,Edwards
Natalie,Foster
Michael,Long
Tommy,Johnson
Patricia,Hebert
Richard,Adams
Christopher,Johnson
Sheri,Thompson
Sandra,Powell
Julie,Williams
Christy,Davis
Brandon,Johnson
Michael,Clark
Diane,Jones
Annette,Holmes
Bianca,Best
Jordan,Riggs
Madeline,Bass
Lauren,Weber
Michael,Glenn
Virginia,Atkins
Hannah,Williams
James,Guerrero
Edwin,Brown
Shawn,Tucker
Raymond,Campbell
Kevin,Lee
Casey,Mckay
Michael,Young
Jason,Nelson
Nicholas,Trujillo
Stephanie,Brooks
Courtney,Ellison
Dave,Weaver
Kelly,Yang
Dale,Ramirez
Bryce,Nicholson
Christopher,Little
Patrick,Donaldson
Stanley,Bentley
Ryan,Edwards
Beth,Hopkins
Rebecca,Austin
Eric,Rios
Angela,Rhodes
Lisa,Mckenzie
Mary,Chang
John,Thomas
Rachel,Williams
Robert,Garcia
Kristin,Cervantes
Nathaniel,Allen
Kyle,Kim
John,Daniels
Christopher,Solis
Jessica,Hawkins
Ryan,Sexton
Gregory,Ryan
Justin,Herrera
Alicia,Combs
Derek,Barnett
Benjamin,Esparza
Jessica,Mora
Michelle,Romero
Ryan,Nelson
Kathy,Wagner
James,Schaefer
Stacey,Cardenas
Andrew,King
Phillip,Thomas
Timothy,Lee
Brittany,Rios
Evelyn,Hammond
Laura,Boyd
Rachel,Turner
Colleen,Norman
Pamela,Green
Virginia,Roman
Christopher,Proctor
Erika,Hall
David,Soto
Scott,Glover
Christina,Graham
Christopher,Reilly
Kathy,Graham
Oscar,Li
Jennifer,Elliott
Jonathan,Roberts
Timothy,Floyd
Justin,Cox
Amy,Lyons
Tyler,Dickerson
Marcus,Orozco
Shane,Robinson
Brandon,Oliver
Michael,Chambers
Jonathan,Payne
Brittany,Blair
Samuel,Kerr
David,Lane
Erica,Harris
Rachel,Mcgee
Rebecca,Donovan
James,Lopez
Hannah,Smith
Allison,White
Randy,Powers
Jacqueline,Nelson
Anna,Larson
Steven,Mcconnell
David,Nelson
Matthew,Bradshaw
Victoria,Wright
Michael,Allison
Tracy,Brock
Ian,Howe
John,Jackson
Marie,Carpenter
Laura,Davis
Julie,Murray
Christopher,Nixon
Krystal,Bond
Tammy,Dalton
David,Mcdowell
Shane,Henry
Heather,Price
Jose,Peters
William,Tran
Arthur,Obrien
Joseph,Murphy
Thomas,Norman
David,Davidson
Shelby,Jackson
Kaitlyn,Edwards
James,Greer
Lindsey,Kelly
Jessica,Soto
Mark,Thomas
Brittany,Gonzalez
Jose,Jones
Anthony,Shelton
Michelle,Stephens
Nathan,Meyer
Meagan,Wood
Juan,Maldonado
Caleb,Green
Lori,Brown
Katherine,Garcia
Alan,Nguyen
Robin,Bennett
Ryan,Meadows
Rachel,Carter
Jordan,Stephens
Nancy,Davies
Mr.,Steven
Shawn,Brown
Martin,Hudson
Michael,Lamb
Jessica,Hansen
Caleb,Chavez
Sarah,Parker
Jill,Carter
Jacqueline,Cole
Dustin,Maddox
Lauren,Solomon
Heather,Gates
Anthony,Brown
Denise,Ramos
Derek,Chandler
Alexis,Robinson
John,Lewis
Marcus,Hayes
Michael,Ellis
Stephen,Moses
William,Burgess
Devon,Schmidt
Rebecca,King
Tony,Marshall
Michael,Perez
Jacqueline,Cook
Mr.,Michael
Jacob,Morris
Sarah,Nguyen
Rachel,Johnson
Ronald,Sloan
Jesse,Bass
Ana,Thomas
Kara,Taylor
Vanessa,Mcdonald
Marc,Moon
Darryl,Velasquez
Heather,Rodriguez
Kyle,Vasquez
Michaela,Smith
Barbara,Taylor
Vicki,Chavez
Michael,Thomas
Jonathan,Cunningham
Mrs.,Tammy
Christine,Keller
Melissa,Moore
Adam,Craig
Tina,Martinez
Nicholas,Dunn
Michael,Robinson
Victoria,Walker
Brian,Hughes
Kevin,Hall
Brittany,Ford
Jeremiah,Hudson
Toni,Rogers
Jacqueline,Spears
Larry,Maynard
Austin,Hanson
Heather,Silva
Michael,Smith
Nicole,Carroll
Joel,Berry
Wendy,Johnson
Sharon,Gordon
Dr.,Karen
Nathan,Martinez
James,Davis
Monica,Fields
Christopher,Carter
Keith,Hall
Robert,Castillo
Richard,Wood
Karen,Gill
Gary,Davis
Sydney,Thomas
Anita,Fisher
Rachael,Jones
Alexa,Fowler
Rebecca,Garcia
Lori,Summers
Daniel,Hardy
Jaime,Sanchez
Juan,Levy
Linda,Aguirre
Jesse,Richardson
Vanessa,May
Anthony,Russell
Amber,Mccarthy
Chad,Villa
Renee,Olson
Anthony,Obrien
Catherine,Chen
Jamie,Bryant
Dakota,Villegas
Michael,Hughes
Lance,Henderson
Matthew,Smith
Derek,Garza
Catherine,Campbell
Todd,Wright
Bailey,Friedman
Cheryl,Campbell
Kevin,Parker
Lisa,Walker
Tammy,Robinson
Dr.,Brittany
Melissa,Jenkins
Samantha,Allen
Kaitlyn,Ross
Matthew,Obrien
Sara,Gonzalez
Regina,Morrison
Jacob,Contreras
Brittany,Hamilton
Ms.,Taylor
Amanda,Webster
Jessica,Haney
Bryan,Alexander
Jerry,Garcia
Tommy,Beard
Michael,Herrera
Kathleen,Benitez
Anthony,Merritt
Jeremy,Jones
Andrew,Carpenter
Keith,Estes
Ralph,Wise
Ms.,Sarah
Emily,Long
Thomas,Norman
Cynthia,Young
Gregory,Mclean
Eric,Reynolds
Tammie,Frost
Gregory,Gomez
Mr.,Mario
Rachel,Savage
Keith,Frazier
John,George
Ana,Cobb
Allison,Palmer
David,Harmon
Kelly,Hays
Amy,Baker
Kelsey,Hull
Jeffrey,Johnson
Bailey,Holden
Rodney,Ortiz
Kimberly,Sanders
Melissa,Rogers
Wendy,Brown
Phillip,Edwards
Sara,Fisher
Lisa,Pineda
Robert,Erickson
Lawrence,Woods
David,Black
Brenda,Morrow
Robert,Sullivan
Andrew,Blackwell
Benjamin,Morris
Justin,Patel
David,Martinez
Rebecca,Johnson
Mr.,Phillip
Jennifer,Aguilar
Heather,Gilbert
Maria,George
William,Adams
William,Young
Sarah,Bradley
Pamela,Guzman
Sean,Salazar
Devon,Marquez
Ashley,Scott
Richard,Harris
Kenneth,Jones
Madison,Coleman
Gregory,Estrada
Mary,Kim
Andrea,Jimenez
Richard,Myers
Brian,Green
Joel,Townsend
Ashley,Mccann
Patricia,Miller
Nicole,Williams
Michele,Parrish
Amy,Newman
Marie,Tucker
Tony,Richard
Catherine,Hall
Tammy,Paul
Leah,Ramirez
John,Barnes
Jennifer,Cook
Joseph,Davis
Alicia,Nguyen
Michael,Novak
Heather,Gonzalez
Joseph,Lawson
Krystal,Bailey
Brian,Grimes
Makayla,Wright
Jacqueline,Davidson
Steven,Andrews
Margaret,Garrett
Brian,Hawkins
Robert,Francis
Abigail,Jackson
Randall,Bullock
Scott,Holden
Shannon,Bates
Robert,Gomez
Cathy,Hogan
Kevin,Ruiz
Adam,Day
Christopher,Hughes
Holly,Wheeler
Ms.,Stephanie
Alexander,White
Christopher,Shields
Sara,Bailey
Carrie,Wagner
Stephen,Davis
Angela,Mcguire
David,Cain
Kelsey,Burke
Brian,Orozco
Nancy,Hughes
William,Lynch
Frank,Dunlap
Jonathan,Evans
Donald,Stokes
Lindsey,Caldwell
Jacob,Lewis
Travis,Lopez
Kimberly,Nguyen
Sherry,Reyes
Edward,Ho
Cory,Harrison
Jeremy,Rivas
Emily,Clark
Ann,Gilbert
Linda,Nelson
Cynthia,Smith
Danielle,Rush
Adam,Walker
Fernando,Young
Justin,Joyce
Nicholas,Villa
Melissa,Meza
Evan,Mcknight
Samantha,Newman
William,Garcia
Robert,Perez
Michael,Coleman
William,Terry
Renee,Young
Emily,Sanders
Timothy,Avila
Derek,Moore
Barry,Price
Tina,Brooks
Jerry,Davis
Derek,Acosta
Michele,Ellis
Carolyn,Ward
Janice,Vega
Jason,Cruz
Nathan,Schultz
Holly,Gentry
Kenneth,Richardson
Brandi,Schmitt
Logan,Strickland
Melissa,Jones
Brent,Everett
Benjamin,Shields
Christopher,Berry
Chad,Hancock
Victoria,Miller
Jeffrey,Jensen
Andrea,Carpenter
Jessica,Martin
Robert,Dixon
Janet,Lee
Courtney,Mcfarland
Sabrina,Boyle
Steven,Hurst
Jason,Calhoun
Karina,Harper
Julie,Anderson
Mary,Lynch
Brittany,Brown
Mark,Thompson
Tracy,West
Jordan,Rodriguez
Melissa,Golden
Matthew,Foster
Barbara,Hanson
Sara,Mason
Regina,Moore
Jennifer,Johnson
Mary,Pena
Karen,Butler
Melissa,Burnett
Sara,Rodriguez
Mitchell,Trujillo
Anthony,Sparks
Tony,Rodriguez
Christina,Myers
Whitney,Hall
Luke,Mays
Christina,Stevens
William,Huynh
Taylor,Turner
Lisa,Potts
Stephanie,Porter
Michelle,Greer
Madison,Martinez
Frederick,Hernandez
Cody,Jackson
Christopher,Ruiz
Nathan,Marquez
Christopher,Smith
Jody,Bentley
Russell,Torres
Richard,Lawson
James,Fox
Cheryl,Calhoun
Chelsea,Berger
Daniel,Frank
Kelsey,Alvarez
Jeffrey,Cantu
Jack,Stokes
Timothy,Stevens
Ronald,Alvarado
Cheryl,Foster
Erica,Clark
Daniel,Bowman
Margaret,Nunez
Brian,Townsend
Hannah,Martin
Steven,Robles
Johnny,Roth
Shawn,Taylor
Kenneth,Little
Johnathan,Price
Theresa,Delacruz
Ryan,Jones
Jacob,Garcia
James,Reynolds
Angelica,Taylor
Alexander,Miller
Ronald,Valencia
Ariel,Smith
Michelle,Bell
Terry,Payne
Robert,Fischer
Malik,Garcia
Melanie,Brooks
Lucas,Morales
Melissa,Thompson
Jasmin,Perez
Laura,Vaughan
Marie,Delacruz
Taylor,Doyle
Andrea,Brown
Ryan,Nolan
Grant,Owen
William,Hawkins
Sarah,Moreno
Travis,Miller
Jose,Singh
Shelley,Rojas
Stanley,Price
Sharon,Medina
Denise,Mendoza
Erica,Sims
Michael,Walker
Alexander,Johnson
Jeremy,Conner
Steven,Stanton
Corey,Padilla
Richard,Young
Amy,Marshall
Katherine,Smith
Diane,Carson
Jeremy,Ross
Rachel,Thompson
William,Williams
Anthony,Lowery
Susan,Mitchell
Kimberly,Rose
Brett,Ellis
Nathan,Winters
Roberta,Frazier
Michelle,Sims
Kirsten,Gomez
Ashley,Hughes
Eric,Moore
Kevin,Stevens
Shane,Chandler
Robert,Sellers
Denise,Peterson
Steven,Richardson
Christopher,Stephenson
Kathy,Cowan
Frances,Roberts
April,Sherman
Nathan,Reed
Joseph,Wood
Elizabeth,Perez
Holly,Lane
Angela,Brown
Erica,Hansen
Marissa,Ray
Carol,Lee
Vickie,Frazier
Sarah,Johnson
Christie,Madden
Melissa,Jones
Victoria,Frederick
Selena,Warner
Virginia,Copeland
Katelyn,Young
Andrea,Smith
Lance,Mendoza
William,Armstrong
Mark,Boyle
Kyle,Baldwin
William,Cruz
Robert,Davis
Grace,Maldonado
Jessica,Johnson
Barbara,Brown
Brandon,Mckenzie
Carrie,Willis
Patrick,Peck
Chelsea,Cole
Sarah,Hunt
Derrick,Strickland
Kevin,Carney
Diana,Potter
Jordan,Shaw
Thomas,Russell
Jordan,Pearson
Andrea,Randolph
Michael,Rich
Robin,Thomas
David,Adams
Laura,Hodges
Theresa,Weber
Destiny,Haynes
Debra,Bailey
Beth,Schaefer
Travis,Thompson
Evan,Gibson
Katrina,Barton
Katelyn,Jenkins
David,Wilson
Luke,Hughes
James,Barnes
Joshua,Pineda
Nancy,Hernandez
Jeffrey,Church
Franklin,Green
Kelly,Miles
Steven,Dunlap
Catherine,Chavez
David,Ramirez
William,Gutierrez
Preston,Hale
Devin,Garcia
Karen,Carrillo
Andrew,Armstrong
Laura,Stone
Jose,Rollins
Jacob,Kelly
Joann,Ware
Christina,Davis
Tammy,Cain
Hannah,Jones
Kerry,Valencia
Rebecca,Morgan
Stephanie,Harrison
Jose,Harvey
James,Camacho
Christina,Clark
Connie,Weiss
Tasha,Byrd
Christopher,Bradley
Zachary,Herrera
Alison,Martin
Taylor,Dawson
Karen,Estes
Anne,Buchanan
Rachel,Huang
Renee,Garrett
Samuel,Smith
Cody,West
Christopher,Nixon
Michael,Robertson
Brian,Bailey
Elizabeth,Atkinson
Laura,Castro
Miguel,Brown
Kathleen,Moreno
Lindsey,Kim
Sheryl,Perez
Michelle,Stephenson
Mrs.,Stephanie
Patricia,Vincent
Thomas,Williamson
Steve,West
Jeremiah,Brown
Dr.,Gordon
Teresa,Newton
Dr.,Guy
Michael,Jenkins
Kimberly,Montgomery
Marcus,Henry
Katie,Cruz
Robert,Ramirez
April,Harrington
Pamela,Edwards
Steven,Booth
Tony,Castaneda
Sarah,Clark
Tyler,Hansen
Patrick,Barry
Robert,Walters
Bob,Patton
Matthew,Hernandez
Jesse,Edwards
Gregory,Ramos
Christopher,Lee
Maria,Baker
Debra,Wallace
Mary,Conrad
Kathleen,Guerrero
Wesley,Miller
Joshua,Johnson
Samantha,Wood
Patricia,Morris
Steven,Morales
Gail,Ellis
Jeremy,Davis
Robert,Curry
Roberto,Morris
Susan,Lane
John,Phillips
Jennifer,Brown
Justin,Smith
Kimberly,Gutierrez
Paul,Miranda
Rebecca,Hall
Marvin,Contreras
Craig,Smith
Cathy,Allen
Erik,Moore
Courtney,Scott
Andrew,Obrien
Brett,Cunningham
Alexandra,Byrd
Joel,Edwards
Michael,Porter
Jessica,Bennett
James,Hood
Timothy,Duncan
Mr.,Jose
Lisa,Banks
Richard,Johnson
Roger,Burton
Kaitlin,Lara
Jonathan,Price
Jessica,Calderon
David,Nelson
Jordan,Wolfe
Raymond,Choi
Joe,Lee
Thomas,Bennett
Daniel,Warren
Eric,Waller
Mark,Patterson
Ricardo,Williams
Latoya,Lawrence
Michael,Briggs
Donald,Scott
Charles,Smith
Stacy,Coleman
Laura,Reyes
Steve,Miller
Vincent,Wood
Francisco,Perry
Ronald,Ortiz
James,Spencer
Kristopher,Hayden
Hayley,Christian
Gary,Turner
Douglas,Thomas
Tiffany,Wilson
Rodney,Woods
Dr.,Christopher
Kelly,Chavez
Daniel,Campbell
Hunter,Padilla
Jeremy,Schmidt
Robert,Davis
Katherine,Garcia
Alexis,Mason
Joseph,King
Luke,Robinson
Natalie,Braun
Joseph,Hall
Drew,Harmon
Megan,Williamson
Jacqueline,Turner
Melissa,Jenkins
Rebecca,Miller
Terry,Higgins
Stephen,Mccarthy
Destiny,Rose
Jose,Ford
Travis,Long
Joshua,Gentry
Frank,Gonzales
Jessica,Shah
Jenna,Wilson
Anthony,Ross
Ashley,Lopez
Nicole,Jones
Leah,Scott
Christopher,Myers
Ryan,Garner
Sabrina,Serrano
William,Haley
Robert,Mathews
Bradley,Thomas
Brian,Perry
Robert,Fernandez
Dawn,Bell
Alexander,Huffman
Mrs.,Kimberly
Robert,Gibson
Wesley,Cox
Erik,Simmons
Samuel,Gutierrez
Cynthia,Hernandez
Daniel,Beck
Susan,Schaefer
Jeffrey,Gonzalez
Jeremy,Gomez
Amber,Short
Kelly,Riley
Ryan,Young
Paul,Matthews
Amy,Clark
Charles,Vasquez
Kelly,Branch
Kent,Oconnell
Lisa,Ayala
John,Stein
Jimmy,Anderson
Megan,Kelly
Joseph,Campbell
Javier,Young
Monique,Rodriguez
Linda,Johnson
Michael,Medina
Sheila,Russell
Timothy,Rose
Jeffrey,Jackson
Richard,Hill
Marc,Ramirez
Douglas,Scott
John,Chavez
Carolyn,Doyle
Christopher,Ware
Patrick,Miller
David,Harris
Aaron,Townsend
Melanie,Aguilar
Johnathan,Nelson
John,Meyer
Ricky,Boyle
Erika,Rose
Amanda,Parrish
Valerie,Cooper
James,Flowers
Jennifer,Mcguire
Charles,Edwards
John,Grant
John,Sanchez
Ashley,Miller
Justin,Lewis
Karen,Nguyen
Edward,Flores
Maria,Greer
Donald,King
Hannah,King
Kara,Curtis
Jennifer,Sexton
Adriana,Spencer
Vincent,Myers
Elizabeth,Rodriguez
Tina,Salinas
Julie,Harvey
Joseph,Ramirez
Bryan,Graham
Samantha,Long
Charles,Martinez
Amanda,Avila
Chelsey,Coleman
Christine,Baker
Olivia,Hall
Roy,Gonzalez
Jennifer,Poole
Dr.,George
Justin,Alexander
Jessica,Cook
Kathleen,Taylor
Anthony,Walters
Ashley,Hill
John,Martin
Kenneth,Herrera
Steven,Wang
Rachel,Davis
Robert,Vasquez
Kylie,Burnett
Danielle,Brady
Jonathon,Taylor
George,Fisher
Samantha,Sellers
Max,Fitzpatrick
Brian,Johnson
John,Kelly
Charles,Perez
Melissa,Calderon
Andrew,Keller
Susan,Ewing
Jacob,Hurst
James,Brown
Ann,Glenn
George,Lindsey
Jeffrey,Griffin
Curtis,Flowers
Matthew,Myers
Eric,Buck
Misty,Young
Amy,Herrera
Stephen,Walker
Jordan,Dixon
Tamara,Hardy
Phillip,Jacobson
Joshua,Johnson
Melanie,Ellison
Tracy,Santiago
Paul,Porter
John,Keith
Mrs.,Victoria
Victor,Fox
April,Hays
Carlos,Ray
Vanessa,Long
Marc,Guerrero
Ricky,Patterson
Emma,Terry
Anne,Flores
Mrs.,Karen
Joseph,Jensen
Jordan,May
Melissa,Oneal
Sharon,Smith
Joanna,Price
Angela,Hampton
Timothy,Villanueva
Thomas,Bond
Elizabeth,Padilla
Stephanie,Gordon
Helen,Ferguson
Adam,Black
Kevin,Dixon
Jorge,Johnson
Cameron,Silva
William,Diaz
Lisa,Lindsey
Scott,Smith
Amy,Erickson
William,Vasquez
Sandra,Coffey
Michael,Merritt
Henry,Villa
Brandon,Campbell
Samuel,Lewis
Anita,Olson
James,Kirk
Christopher,Mccullough
Gregory,Gamble
Jeffrey,Cook
Joseph,Ferguson
Robin,Richardson
Ashley,Moody
Bobby,Adams
Scott,Cole
Tyler,Gray
Brett,Williams
Donna,Guerrero
Danny,Mooney
Lindsey,Anderson
Brenda,Sanchez
John,Austin
John,Sims
Nicholas,Leonard
Thomas,Taylor
Tammy,Garza
Julia,Thompson
Jermaine,Jackson
Michael,Torres
Christopher,Moore
Jasmine,Torres
Brittany,Massey
Chelsea,Mendoza
Randy,Anderson
Jonathon,Young
William,Perez
Lisa,King
Kelsey,Pitts
Mrs.,Stacey
James,Pierce
Javier,Garza
Steven,Wright
Emily,Deleon
Stephen,Hartman
Dr.,Catherine
Elizabeth,Hardin
Lynn,Snyder
Cheryl,Stafford
Brian,Morrison
Devon,Williams
Kelly,Gibson
Erica,Li
Isaac,Lee
Robert,Hess
Kathryn,Montgomery
Nicole,May
Lisa,Harris
Christopher,Ferguson
Michael,Harris
Isabella,Williams
Sandra,Wiley
Amanda,Sexton
Mr.,Devin
Catherine,Neal
Stephanie,Rodriguez
Jacob,Brown
Cheryl,Gibson
Christine,Ingram
Mark,Miller
Erin,Key
Brian,Mccann
Dawn,Thompson
Monica,King
Ralph,Allen
Richard,Smith
Sean,Rodriguez
Isabel,Morales
James,Schwartz
Holly,Ray
Jeffery,Ramirez
Andrea,Stephenson
Selena,Reyes
James,Mitchell
Keith,Reeves
Ryan,Pham
Sarah,Hopkins
Alexis,Haley
Jon,Park
Evelyn,Harris
Brenda,Tran
William,Garcia
Danielle,Fernandez
Lori,Jones
Mrs.,Jill
Dominic,Riley
Christopher,Warren
Danielle,Ford
April,Deleon
Thomas,Davis
Martha,Morris
James,Jones
Ashley,Oliver
Jeffrey,Meyers
Oscar,Hayes
Susan,Henson
Kellie,Clarke
Jane,Fields
Jennifer,Ramirez
Nicholas,Pennington
Keith,Chapman
Alexis,Williams
Paul,Wilson
Carolyn,Green
Steven,Wallace
Patrick,Nguyen
Scott,Bishop
Jacqueline,Jones
Danielle,Rogers
Eric,Wagner
Desiree,Stevens
Autumn,Chambers
Patrick,Ware
Thomas,Cameron
Javier,Fowler
Phillip,Sweeney
Seth,Garcia
Corey,George
Tara,Payne
Beverly,Massey
Andrea,Whitney
Phillip,Andersen
David,Thompson
Kimberly,Johnson
Stephen,Sanders
Christopher,Gonzalez
Lisa,Harris
Natasha,Howell
Brittney,Rivera
Brandy,Pope
Erik,Smith
Laura,Bryan
Lisa,Adams
Dawn,Williams
Ruben,White
Austin,Nguyen
Corey,Davis
Timothy,Glover
Kelli,White
Thomas,Cannon
Aimee,Becker
Holly,Mooney
Jose,Brown
Jerry,Cooper
Dana,Gill
Kayla,Newton
Cody,Schultz
David,Jacobs
Timothy,Robinson
Jerome,Porter
James,Horn
Brian,Wright
Terri,Burch
Robert,Herrera
Dana,Rivera
Mary,Terry
James,Haynes
Gregory,Elliott
Kathleen,Heath
Taylor,Singleton
Keith,Smith
Lacey,Mathews
Kevin,Levy
Courtney,Burke
Matthew,Harding
Lauren,Smith
Robin,Hernandez
Linda,Richardson
Jeffrey,Moore
Crystal,Ward
David,King
Amanda,Rollins
Emily,Faulkner
Jacob,Hernandez
Sarah,Ramirez
Jeremy,Mora
Nicholas,Watson
Kylie,Cochran
Kathryn,Moore
Alex,Alexander
James,Wood
Terri,Moran
Nathan,Orozco
Jonathan,Mcdonald
Julie,Flores
Kristy,Reyes
Joshua,Pittman
Diane,Garcia
Jennifer,Hernandez
Aimee,Fuentes
Juan,Banks
William,Shelton
Donna,Pierce
Nicholas,Mercado
Bobby,Parsons
Christine,Kelly
Mary,Turner
Timothy,Blake
Erica,Rhodes
Daniel,Wiley
David,Sandoval
James,Hudson
Charles,Quinn
Kathleen,Castro
Anthony,Bullock
Jacob,Adams
Joshua,Frederick
Jamie,Cochran
Carol,Warren
Chelsea,Jackson
Jennifer,Vaughan
Michelle,Rivera
Gregory,Gonzalez
Austin,Cobb
Ronald,Davis
Amber,Hines
Deborah,Smith
Alexis,Alvarez
Kelly,Reid
Morgan,Brown
Emily,Reed
Gary,Contreras
David,Meyer
Valerie,Miller
Vanessa,Carr
Jessica,King
Jerry,Smith
Bruce,Ritter
Deanna,Brown
Joseph,Williamson
John,Terry
Amy,Collins
Jonathan,Sanford
Victor,Luna
Michael,Ferguson
Stephanie,Jones
Madeline,Glass
Anthony,Serrano
Victoria,Nguyen
Brian,Ward
Brian,Sanders
Ashley,Hicks
Lauren,Franklin
Curtis,Howell
Beverly,Callahan
Brittany,Miller
Samantha,Coleman
William,Brown
Robert,Brown
Nicholas,Gonzalez
Melissa,Lopez
Dean,Johnson
Annette,Stark
Sharon,Ford
Kyle,Rogers
Carolyn,Barnes
Sylvia,Mccullough
Bryce,James
Bobby,Lewis
Tricia,Brown
Tiffany,Mcmillan
Michelle,Nunez
Jacob,Sellers
Cindy,Sullivan
Robert,Nelson
William,Ramirez
Anna,Bennett
Dana,Ross
Kathy,Randolph
Sandy,Garcia
Tracy,Robles
Gina,Scott
Daniel,Dillon
William,Reed
George,Mcbride
Tiffany,Bartlett
Craig,Hunt
Bradley,Davis
Derrick,Day
William,Townsend
Stephanie,Romero
Marissa,Edwards
William,Clark
Joseph,Mills
Robert,Watson
Chad,Harper
Shawn,Smith
Jeffrey,Smith
Allison,Gonzalez
James,Luna
Michael,Brown
Robin,Daniels
Stephanie,Baker
Jason,Henderson
Brittney,Davis
Kristin,Williams
Crystal,Smith
William,Brock
John,Franco
Pamela,James
Christina,Stewart
Elaine,Vargas
Michael,Gonzalez
Ryan,Boyle
Douglas,Church
Richard,Velasquez
Cassandra,Green
Richard,Thompson
Theresa,Frank
Stephanie,Edwards
Megan,Young
Mrs.,Patricia
Roger,Moon
Sharon,Jacobs
Ricardo,Adams
Shelby,Hawkins
Cynthia,Cox
Madison,Gonzalez
James,Smith
Paul,Mccullough
Christopher,Williams
Troy,Waters
Lisa,Evans
Tammy,Brennan
William,Guerrero
Tonya,Wheeler
Shannon,Campbell
Tracy,Norton
Denise,Williamson
Rebecca,Thomas
Cody,Martinez
Chad,Dorsey
Angela,James
Jeffrey,Rice
Melissa,Cox
Susan,Dillon
Erika,James
Virginia,Davis
Gregory,Weber
Darlene,Moore
Andrew,Butler
Craig,Thompson
Carlos,Reyes
Rhonda,Humphrey
Clinton,Marks
Michael,Collins
Jordan,Jones
Robert,Guzman
Anthony,Estrada
Patrick,Ramos
David,Rodriguez
Jamie,Crawford
Bradley,Roberts
Arthur,Arellano
Eileen,Martinez
Patrick,Gutierrez
David,Shannon
Chelsea,Ryan
Roy,Nelson
Chad,Lynch
Mary,Jenkins
Leslie,Todd
Nancy,Durham
Alicia,Young
Keith,Santiago
Joshua,Ramsey
Kelsey,Allen
Julie,Webb
Richard,Rodriguez
Anthony,Spencer
Douglas,Jarvis
Brooke,Herrera
Paul,Hicks
Michelle,Hampton
Megan,Carter
Zachary,Gomez
Elijah,Tucker
David,Potter
Nancy,Rios
Kelly,Miles
Francisco,Molina
Michael,Tapia
Maria,May
Brenda,Wilson
Daniel,Hopkins
Jessica,Oliver
John,Simon
Joanna,Edwards
Angel,Deleon
Kendra,Rose
Brent,Melendez
Andrea,Williams
Thomas,Robinson
Allison,Dean
Angela,Smith
Steven,Medina
Clinton,Murphy
Stacey,Brewer
Jonathan,Keith
Daniel,Barber
Angel,Aguirre
Erica,Doyle
Tabitha,Mckay
Gregory,Watson
Sarah,Schmitt
Jeffrey,Russell
Nicholas,Rogers
Stephen,Martinez
Paul,Crawford
Mark,Sparks
Vanessa,Jones
Valerie,Garcia
Ann,Vaughn
April,Moreno
Bryan,Carroll
Michelle,Valenzuela
Jeremy,Brown
Brandi,Mcdaniel
Erin,Taylor
Jon,Morales
John,Carter
Taylor,Rodriguez
Dylan,Williams
Michael,Taylor
Richard,Cooper
Jacob,Lee
Shelley,Salas
Jason,Gutierrez
Hailey,Bowers
Christina,Simpson
Mary,Warner
Mary,Lee
Daniel,Johnson
Renee,Lane
Renee,Potter
Nancy,Duncan
Becky,Kelly
Angela,Gross
Mary,Schneider
Kathy,Jordan
Brandon,Conner
Veronica,Green
Brandon,Schmidt
Penny,Melendez
James,Ellis
Christopher,Rivera
Crystal,Rich
Rhonda,Simmons
Autumn,Christian
Edward,Oconnell
John,Kerr
George,Thomas
David,Norton
Jessica,Barnett
Isaac,Jones
Allison,Chandler
Karen,Hogan
Catherine,Harrison
Kim,Schmidt
Ryan,Henderson
Patricia,Barry
Robert,Bender
Christian,Sexton
Joseph,Gonzalez
Justin,Mcdowell
Virginia,Edwards
Olivia,Bryant
Eddie,Robinson
Laura,Hanson
Austin,Conley
Trevor,Randolph
Susan,Rose
Denise,Harris
Robert,Hart
Audrey,Sanchez
Nancy,Oliver
Julie,Gonzalez
Kristine,Diaz
Deborah,Reed
Yvonne,Colon
Colleen,Edwards
Melissa,Koch
Brian,Lane
Miranda,Roberts
Haley,Wright
Sylvie,Colas-Boucher   
Christelle,Auger   
René-Joseph,Muller   
Gilles,Le Gonzalez  
Roger,Schneider de Riou 
Auguste,Garnier   
Philippe,Bourdon-Lopes   
Auguste,Gautier   
Isabelle,Leroux-Fischer   
Brigitte,Maillard   
Emmanuelle,de Delmas  
Franck,Clement   
Corinne,Denis-Laurent   
Aurore,Fischer   
Marcelle,Traore   
Zoé,du Adam  
Susan-Zoé,Barbe   
Cécile,Lefebvre   
Vincent,Leroy   
Claudine,Merle   
Alexandria-Margot,Brun   
Benoît,Mallet du De Oliveira
Laurent,Noel   
Joseph,Legrand   
Xavier,Michel   
Tristan,Mary   
Lucy,Diaz   
Astrid,Blondel   
Gilbert,Leveque   
Thierry,Normand-Barthelemy   
Charles,Aubry de la Hubert
Laurent,Allain   
Eugène,Lebreton   
Brigitte,Diallo   
Audrey,Hoareau   
Thierry,Leclerc   
Robert,Dupre-Blanchard   
Alexandrie,Delmas   
Alexandre,Tanguy   
Astrid,Jacquet   
Colette-Olivie,Salmon   
Luce,Masson-Paris   
Théophile,Le Levy  
Catherine,Monnier   
Luce,Couturier   
Olivie,Fernandes-Roussel   
Claire,Lacombe   
Alice,Gilles-Menard   
Auguste-Étienne,Leveque   
Victoire,Colin   
Denis,Pelletier de la Legrand
Nath,Reynaud-Renard   
Clémence,Lelievre   
Bernadette,Grondin   
Jeanne,de la Valette 
Joseph,Tessier-Lombard   
Patricia-Jeannine,Fernandez   
Laurence,Evrard   
Valérie,Gaillard   
Honoré,Boyer   
Jules-Benoît,Torres   
Amélie,Leger de la Marty
Jérôme,Bouchet de Fernandez 
Jeanne,Foucher   
Yves,Diallo   
Jeannine,Daniel   
Charles,Dupuis   
Lorraine-Olivie,Le Gall  
Eugène,Letellier   
Margot,Pelletier   
Georges-Jules,Leroy   
Camille-Sylvie,Allard   
Sophie,Louis   
Christophe,Legrand de Dupre 
Édouard,Denis   
Thierry,Hardy   
Denise-Cécile,Pineau   
Margaud,Georges Le Boulay 
Astrid,Wagner   
Louis-Gilbert,Barbier   
Julien,Guerin   
Léon,Gay   
Bertrand,Laroche de Adam 
Joseph,Martin   
Virginie,Guillou   
Adrienne,Petitjean   
Victor,Schneider   
Alfred,Martinez   
Philippe,Techer   
Élise,Valette   
Denise,de la Boyer 
Jacqueline,Diallo Le Wagner 
Nicole,Colas   
Jeanne-Henriette,Colin   
Rémy,Carpentier   
Nathalie,Launay   
Constance,Blanc   
Laurence-Dominique,Ferreira   
Richard,Marchal   
Timothée,Gallet de la Charpentier
Marcel,Chauveau   
Hugues,Delorme   
Sébastien,du Imbert  
Raymond,Merle de la Wagner
Denis,Sauvage-Renaud   
Bertrand,Thomas   
Monique,Gaillard   
Louis,Pasquier   
Hortense,Martinez-Lamy   
Gilles,Langlois   
Pauline-Thérèse,Guyon   
Émilie,Fouquet   
Auguste,Voisin-Pasquier   
Marcelle,Giraud-Blanc   
Louis,Le Clerc  
Anastasie,Leroy-Ramos   
Noël,de la Leblanc 
Patrick,Lemaire   
Alice,Mendes   
Rémy,Gaillard du Herve 
Susan,Guillon   
Benoît,Jacob   
Margaux,du Gay  
Hugues,de la Bourdon 
Jeanne,Techer   
Éléonore,Millet du Leveque 
Cécile-Christelle,Ruiz   
Julie,de la Marty 
Monique,Hernandez-Georges   
Élisabeth,Maury de Mendes 
Emmanuelle-Martine,Leger   
Arnaude,Francois-Guibert   
Nathalie,Marques de la Bertrand
Vincent,Girard   
Aimé,Le Berthelot  
Diane,Georges   
Noémi,Andre   
Susanne,Bailly   
Valentine,Hubert   
Sébastien,Imbert   
Xavier,Lejeune de Bazin 
Christiane,Moulin   
Maggie,Mallet   
Bernard,de la Bouvier 
Antoine,Lesage   
Alphonse,Henry   
Richard,Muller   
Dorothée,Lecomte   
Margaret-Marianne,Collet   
Antoinette,Morin de la Seguin
Gabriel,Bruneau   
Arnaude,Gaudin   
Marthe,Lebon   
Frédérique,Allain   
Hugues-Thibault,Vallet   
Henri,Rossi   
Richard-Gabriel,Morin   
Frédérique,Imbert   
Philippe,Bernard   
Marie,Bernier   
Léon,Rodrigues   
Olivier-Gérard,Vasseur   
Augustin,Gallet   
Sébastien,Marques-Thibault   
Thibault-Raymond,Jacob   
Diane,Thierry de la Techer
Élisabeth,Besnard   
Émile-Émile,Robert   
Stéphanie,Dupre   
Éléonore,Dubois   
Adrien,Dos Santos  
Marcel,Bernard   
Roland,Letellier-Fischer   
Pénélope,Bernier   
Margaud-Constance,Vaillant   
Suzanne,Pascal-Georges   
Constance,Regnier   
Capucine,Poulain   
Adèle,Mary   
Bertrand,Humbert   
Valérie,Levy-Aubry   
Valérie,Begue   
Roland,Guillou   
Michel,Gilbert   
Lucie,Simon   
Adrien,de Pineau  
Lorraine,Olivier   
Alix,Clerc   
Gérard,du Pascal  
Gilles,Bertin   
Camille,Etienne   
Chantal,Benard   
Julien,de Vaillant  
Hortense,Dos Santos  
Éléonore,du Maury  
Valérie,Godard   
Bernard,Georges   
Robert,Morin de la Riviere
Jacques-Jules,Bertrand   
Michèle,Da Costa  
Richard,Grenier   
Caroline-Hélène,Marion   
Michèle-Luce,Navarro   
Claude-Monique,Rousset   
daisy,Durand   
Agathe-Alex,Verdier   
Patrick,Leclerc   
Christiane,Ferreira   
Théodore,du Leger  
Édith,Noel   
Daniel,Girard   
Olivier-Pierre,Blanchard   
Laurent,Renard   
William-Benoît,Muller   
Michèle-Zoé,Perrier   
Hélène,Fischer   
Éric,Morin de Durand 
Dorothée,Dupuy de la Gay
Isaac,Pelletier-Antoine   
Agnès,Bodin-Chevallier   
Théophile,Le Breton  
Jacqueline,Le Letellier  
Camille,Riviere   
Alice,Olivier   
Sophie,Peron   
Émile,Ledoux   
Timothée-Michel,Ruiz   
Théophile,Bertin   
Pierre,Texier   
Thierry,Lucas   
Julie,Evrard   
Christine,Martel   
Céline,Morvan   
Nathalie,Berthelot   
Odette,Lopez   
Virginie,Bruneau   
Aimé,Peltier   
Émilie,Lefort   
Dominique,Barthelemy   
Antoinette,Le Collin  
Daniel,Sanchez   
Nathalie,Sanchez   
Marcel,de la Buisson 
Jeanne-Noémi,Bertin   
Agnès-Stéphanie,Philippe   
Rémy,du Fleury  
Michèle,Rey   
Anne,Mallet   
Honoré,Michel   
Louise,Maillot   
Sylvie,Le Delaunay  
Alice,de la Foucher 
Alfred,Daniel   
Alexandre,Labbe   
Margot,Chauveau de la Bonnet
Simone,Moreno   
Laetitia,Laurent   
Colette,Vallee   
Nath,Rodrigues   
Édith,de la Descamps 
Jeannine,Germain   
Adrien-Roger,Thierry   
Marine,Pottier   
Xavier,Vincent   
Matthieu,Delmas   
Jules,Chauveau   
Henri,Camus   
Pierre,du Pages  
Isaac,Carlier-Dubois   
Bertrand,Da Silva  
Richard,Muller   
Zacharie,Lemaire   
Luce,Moreno   
Margaud,Ferrand du Hoarau 
Célina,Bigot   
Thibaut,Hernandez   
Victoire,Lelievre du Thierry 
Thomas,Le Goff  
Inès,Gautier   
Marc,Baudry   
Aimé,Jourdan   
Margot,Barbe-Huet   
Philippe,Jean   
Alexandre,Joly   
Diane,Roussel   
Élodie,Coulon   
Julie,Guillon   
Olivie,Potier   
Rémy,Tanguy   
Gilbert-Franck,Masse   
Amélie,Loiseau-Ledoux   
Frédéric-Léon,Lambert   
Emmanuel,Leger-Bouvier   
Guillaume,Petit   
Océane-Bernadette,Weiss   
Sabine,Lemoine de la Reynaud
Joseph,de la Moreno 
Chantal,Leleu-Julien   
Océane,Chauvet   
Aurore,Godard   
Paul,Couturier   
Matthieu,Chauveau de Aubry 
Claudine,Gillet Le Traore 
Thibaut-Jules,Ledoux   
Céline,Becker   
Audrey,Duhamel-Maillard   
Émile,Allain   
Emmanuel,Bouchet   
Claude,Morin   
Grégoire,Voisin   
Martine,Briand Le Blondel 
Andrée,Peron-Leclercq   
Antoine,du Dupre  
Guillaume,Denis   
Jacqueline,Diaz   
Élodie-Véronique,Maillet   
Isaac,Petit   
Joséphine,Ollivier   
Jacques,Maillard   
Sébastien,Henry   
Nicole,Courtois   
Charlotte,Coulon de la Millet
Patrick,Gauthier   
Thérèse,de la Pons 
Colette,Richard   
Thibaut,Schneider-Lefebvre   
Patrick,Francois   
Guillaume,Didier   
Michelle,Dumont   
Lucas,Le Barthelemy  
Eugène,Humbert-Normand   
Adèle,Delaunay de Carre 
Augustin,Pelletier   
Constance,Hoarau de la Hoarau
Gérard,Martineau-Francois   
Gabriel,Lebrun   
Aurore,Martins   
Tristan-Yves,Hubert   
Henriette,du Lefort  
Christophe,Roy   
Bernadette,Merle   
Alex,Evrard   
Colette,Pinto   
Lucas,Gomez-Bigot   
Vincent-Robert,Riou   
Isaac,Masson   
Émile,Gimenez   
Thierry,David   
Philippine,de Huet  
Lorraine,du Martel  
Rémy,Schmitt du Gilles 
Laetitia,Bonneau-Rolland   
Colette,Leduc Le Jourdan 
Christelle,Blot   
Colette,Louis de Guillet 
Richard,Bertin-Boulanger   
Luce,Lagarde   
Agathe,de Hebert  
Noël,Guichard-Ribeiro   
Thierry,du Riviere  
Léon,Girard   
Vincent,Hoareau   
Renée,Mercier   
Zacharie,Lombard   
Pauline,Faure-Peron   
Renée,Vallet   
Laurent,Noel   
Maryse,Bigot   
Bertrand,Muller   
Grégoire,Samson   
Charlotte,Berger de la Bonnet
Joseph,Remy   
Christophe-William,Julien   
Robert,Mallet-Garnier   
Josette,Texier-Descamps   
Paul,Bernard   
Augustin,Foucher   
Guillaume-Thibault,Lacombe   
Charlotte,Dubois   
André,Le Allard  
Emmanuel,Barbier   
Gabriel,Lambert   
Maryse,du Bouvier  
Adrienne-Amélie,Foucher   
Clémence,Arnaud-Vallet   
Capucine-Margaret,Gillet   
Michèle,Lacroix   
Alain,Thibault   
Thibault-Emmanuel,Ferrand   
Zacharie,Le Legrand  
Manon,Francois   
Patricia,Vallee   
Matthieu,Le Joly  
Marcel,Poulain Le Perrier 
Hugues,Besnard   
Patricia,Bigot   
Emmanuel,de Valentin  
Jules,Boulanger-Guillet   
Nicolas-Roger,Albert   
Bertrand-Alain,Millet   
Henri,Turpin   
Valérie,Denis   
daisy,Verdier   
Adrien,Lacombe-Adam   
Antoine,Durand   
Catherine-Alice,Lemoine   
Susanne,Auger   
Nathalie,Lesage   
Jeannine,Delannoy   
Émile,Ollivier   
Anaïs,Robin de la Pruvost
Josette,Masse   
Victor,Allain   
Alfred,Carlier   
Suzanne,Texier   
Julien,Charpentier   
Jérôme,Menard du Pierre 
Victoire,Legros   
Bernard,Gilbert Le Da Silva
Édouard,Guerin   
Maggie,Ramos   
Timothée,Dupre   
Laurent,Noel de Poirier 
Odette,Riou   
Zacharie,Neveu-Bouvier   
Aimé,Laine   
Élodie,Peltier   
Stéphanie,Dumas du Costa 
Suzanne,Riou   
Marianne,Gros   
Augustin,Carre-Marin   
Véronique,Leconte   
Nicole,Pinto   
Matthieu,Da Silva  
Nathalie-Corinne,Guillon   
Guy,Berthelot   
Thérèse,Ferreira de la Pelletier
Jean,Meyer   
Sébastien,Andre   
Laurence,Renault   
Emmanuel,Leblanc Le Carre 
Aimée,Breton   
Anastasie,Da Costa  
Olivie,Texier   
Denise,Guillet   
Christiane,de la Richard 
Élodie,Chretien   
Émilie,Normand   
Jeanne,Pereira de la Levy
Constance,Levy de la Thierry
Philippe,de Camus  
Stéphanie,Hebert-Albert   
Victor,Turpin   
Margaux,Roche-Lebreton   
Clémence,Lefebvre-Caron   
Célina,Cordier   
Bernard,Hoareau   
Thierry,Le Peltier  
Catherine,Meyer   
Michèle-Lucy,Arnaud   
Margot,Merle   
Margaux,Normand   
Jérôme,Jean   
René,Letellier du Leclercq 
Élise,Fabre   
Lucas,Becker-Barbier   
Alexandria,Monnier   
Aurore,de la Jacques 
Honoré,Allain   
Henriette,Marty   
Julien,de Lenoir  
Odette-Emmanuelle,Levy   
Antoine,Henry de Mahe 
Thibaut,Le Garnier  
Corinne,Paul   
Antoine,Marion   
Édouard,Goncalves   
Bernadette,Nguyen   
Marthe,Marty-Salmon   
Adèle,Picard   
Lucy,Chevallier   
Louise,Garnier   
Stéphanie,Clement   
Victor,Berthelot   
Manon,Guyot   
Benjamin,Marin de Ollivier 
Célina-Jeanne,Guerin   
Xavier-Timothée,Chevallier   
Geneviève,Mendes   
Inès,Lemoine   
Alphonse,Martel   
Monique,Bouvet   
Richard,Becker   
Suzanne,Cousin   
Aurélie-Paulette,Schmitt   
Zacharie,Bouvier   
Henri,Dufour   
Joseph,Alves   
Océane,Le Roux  
Luce-Michèle,David   
Geneviève,Gay   
Dorothée,Dumont de la Vallee
Daniel,Tanguy   
Isabelle,Perez   
Zacharie,Levy Le Ruiz 
Nathalie-Frédérique,Lebreton   
Pierre,Joseph   
Zacharie,Hubert Le Bertrand 
Gilbert,Boutin   
Zoé,Remy   
Alexandria,Poirier   
Nath,de Dumas  
Maryse-Laetitia,Marion   
Emmanuel,Lambert Le Valette 
Laure,Martel   
Victoire,Etienne   
Adèle,Mendes   
Alexandria,Fischer-Dos Santos  
Laurence,Dupuis   
Geneviève,Brunet Le Antoine 
Stéphanie,Blin   
Michelle,Merle   
Guy,Devaux   
Vincent,Guerin   
Astrid,Baudry   
Emmanuel,Marchand-Begue   
Claire,Vincent   
Lucy,Blin   
Rémy,Lecoq   
Charles,Delannoy-Daniel   
Robert,Leconte-Charrier   
Alain,du Prevost  
Alain,Leleu   
Pierre,Leger   
Michèle,Dupuy   
René,de la Bourdon 
Anaïs,Cohen   
Virginie,Maury   
Henri,Loiseau   
William,Wagner   
Thierry,Jacquot   
Gilbert,Rodriguez   
Suzanne,Martinez   
Patricia,Delattre   
Paul,de Boyer  
Suzanne-Aimée,Petit   
Louise,Voisin   
Olivier,Chauveau   
Andrée,Guyon   
Claire,Diallo   
Tristan,Pelletier-Dupuis   
Victor,Vallet   
Auguste,Le Lecoq  
Bernadette,Gautier de la Carre
Théodore,Petit   
Nathalie,Deschamps   
Andrée,Hernandez   
Guy-Gilles,Peron   
Colette-Adèle,Descamps   
Roland,Le Fischer  
Gérard,Lesage   
Pierre,Alves   
Christelle,Moreno   
Édouard,de la Boulay 
Astrid,Raynaud   
Julien,Guyon   
Juliette-Mathilde,Navarro   
Hugues,Ribeiro   
Lorraine,Gerard de la Lecomte
Chantal,Schmitt   
Alice,Fleury   
Laurent-Éric,Petit   
Bertrand,Pires   
Théophile,du Dufour  
Joseph,Blanc   
Margot,Nguyen   
Olivier,Perrot   
Paulette,Dubois   
Émile,Alexandre   
Daniel,Lucas   
Marc-Arthur,Masse   
Grégoire,Bouchet   
Jules,Ledoux   
Pénélope,du Gauthier  
Christiane,Dumont   
Nicolas,Boutin   
Théodore,Le Blanchard  
Marthe,Carpentier   
Zoé-Laurence,Boutin   
Bernard-Henri,Diaz   
Jules,Dumont   
Stéphanie,Le Blin  
Pénélope,Morvan   
Guy,Leconte   
André,du Charpentier  
Margot,Fouquet   
Vincent,Lebreton   
Théophile,Labbe   
Nathalie,Chevalier   
Léon,Martinez   
Patrick-Lucas,Turpin   
Émile-David,Vallet   
Maryse,Laine   
Matthieu,de Gosselin  
Constance-Éléonore,Pascal   
Sébastien,Pottier-Leblanc   
Antoine-Patrick,Reynaud   
Thibaut,Le Francois  
Marine,Chauvin   
Renée,Toussaint du Charrier 
Luc,Colas   
Hortense,Caron   
Émile-Théophile,Carre   
Stéphanie,Fleury   
Margaud,Pichon   
Margaux,Moreau   
Thierry,de Camus  
Arthur,Michel   
Corinne,Cousin   
Éléonore,Blanchard   
Mathilde,Charpentier du Brunel 
Théophile,de Boulay  
Christiane-Zoé,Joly   
Claude,Turpin   
Georges,de la Boyer 
Tristan,Blanc   
Adèle,Mahe Le Masse 
Corinne,Cousin   
Pauline,Dupre de la Leleu
Martine,Vallee de Gonzalez 
Thibaut,Godard   
Gilbert,Le Goncalves  
Michèle,Boutin   
Jacques,Muller-Lemoine   
Bernard,Lemonnier du Masson 
Auguste,Riou   
Julie,Rocher   
Arthur,Roche de la Samson
Claudine,du Giraud  
Adrien,Langlois Le Boulanger 
Claude,du Michel  
Manon-Sylvie,Seguin   
Michel,Dumas   
Thibault,Andre de Joly 
Gabriel,Masson   
Xavier,Schneider   
Caroline,Paul   
Tristan,Collin   
Patricia,Rossi   
Roger,Gerard   
Antoine,Vallee de Guyot 
Théophile,Berthelot-Lamy   
Adrienne,De Oliveira-Vincent  
Philippe,Letellier   
Édouard,Devaux-Le Goff  
Augustin,de Fernandes  
Marie,Cousin   
Adélaïde,Pinto   
Pauline-Jeanne,Dumont   
Éric,de la Masse 
Xavier,Gaudin   
Thomas,Maillard   
Margot,Benard-Deschamps   
Auguste,Cordier   
Denise,Joseph-Raynaud   
Frédéric,Langlois-Cousin   
François,Martinez   
Dorothée-Margaux,Blanchard   
Gérard-Henri,Gonzalez   
Pierre,Olivier   
Adèle-Corinne,Masson   
Paulette,Dupuy   
Françoise,Chartier   
Aurélie,Huet   
Geneviève,Mary   
Théophile,Gomes   
Roger,Garnier de Loiseau 
Honoré,Faivre   
Martin,Ledoux   
Bernard,de la Lenoir 
Alix,Laporte   
Henri,Le Fleury  
Benoît,Pinto-Nguyen   
Célina,Colas de la Raymond
Frédéric,Gosselin   
René-Laurent,Guillot   
Auguste,Le Jacquet  
Louis,Peron   
Georges,Leduc du Chauvin 
François,Le Royer  
Pénélope,Leger de la Ramos
Alexandre,Hoarau du Colas 
Lorraine,Poulain   
Geneviève,Dupuy   
Rémy-Marc,Lopes   
Rémy,Brunet   
Céline-Anaïs,Carre   
Alix,Lagarde   
Susanne,Evrard-Germain   
Paulette,Dijoux   
Laurence-Claudine,Jourdan   
Richard-Julien,Vallee   
Anouk-Stéphanie,Lefort   
Raymond,Hamel   
Auguste,Vaillant   
Nathalie,Pages   
Gabrielle,Martin-Rodriguez   
Marcelle,David   
Honoré,de la Jacquet 
Richard,Gimenez-Robert   
Chantal,Le Leroux  
Simone,de Gomes  
Anouk,Baron   
Caroline,Ferreira   
Françoise,Jourdan   
Antoine,Maillot   
Amélie,Leclercq   
Jérôme,Lefevre   
René,Colin   
Camille,Laurent   
Catherine,Lagarde   
William,Bertrand   
Andrée,Fontaine du Lamy 
Arthur,Louis   
Denis,Seguin Le Rodriguez 
Aimé,Cousin   
Aimée,Besson   
Timothée,Gaillard de Gay 
Denis,Dos Santos  
Bertrand,Toussaint-Dupont   
Mathilde,Lecoq   
Charles,de Chevallier  
André,Lebrun   
Antoinette-Valérie,Riviere   
Diane,Verdier   
Honoré,Reynaud de la Couturier
Raymond,Bousquet   
daisy,Deschamps   
Gabriel,Simon   
Roland,de Noel  
Claude,Da Silva  
Roger,du Lemaitre  
Stéphane,Legrand   
Alix,de la Leduc 
Agnès,De Oliveira  
Diane-Christelle,Faure   
Gilbert,Bouvet   
Roger,de Gerard  
Jean-Théodore,Gaillard   
Marc,Leclerc   
Théodore,Auger   
Colette,Laine   
Thierry,De Oliveira de Carre
Élise,Adam-Aubry   
Marianne,Lelievre   
Guillaume,Alves   
Tristan,Turpin   
Jean,Becker   
Claude,Hernandez-Lebreton   
Noël,Chauvet-Fabre   
Charles,Guillon   
Dorothée-Marcelle,Bernard   
Claude,Imbert   
Nicole,Costa   
Isaac,Boyer   
Paul-Raymond,Roux   
Émile,du Daniel  
Audrey,Imbert   
Virginie,Maillard   
Thérèse,Barbier   
Aimé,Perrot   
Alphonse,Guillot-Andre   
Michelle,Gregoire   
Richard,Marty   
Élodie,Aubry   
Maryse,Ferrand-Lucas   
Geneviève,Delattre de la Mahe
Alexandre,Le Marchal  
Paul,Mahe   
Astrid-Arnaude,Carpentier   
Jeannine,Charles-Guillet   
Valérie,Laporte   
Benjamin,Etienne-Gillet   
Clémence,Le Roux  
Audrey,Le Bodin  
François-Thomas,Bouchet   
Luce,Henry du Riviere 
Amélie,Richard   
Marcel,Deschamps de Pons 
Dorothée,Albert-Schneider   
Michèle,Lacombe   
Joseph,Garnier   
Suzanne,Hebert   
Benoît,Briand Le Rodriguez 
Julie,Delorme   
Sébastien,Pichon   
Jérôme,Simon Le Klein 
Audrey,Ribeiro   
Yves,de la Bonneau 
Thibault-Victor,Bertrand   
Rémy,Olivier   
Alexandria,Gonzalez   
Aurélie,Valette   
Joséphine,Marchand-Brunet   
Aurore,Evrard   
Anne,Tessier   
Augustin,Mathieu   
Élise,Hoarau   
Antoinette,Thomas   
Xavier,Alves   
Claire,Texier   
Caroline,Launay   
Anouk,de Bruneau  
Marine,Bouvet   
Renée,Mathieu   
Jacques,Roche-Olivier   
Nathalie,Dos Santos  
Roger-Isaac,Merle   
Aimé,Boucher   
Théodore,Le Roux-Le Roux 
Sébastien,Bourgeois-Barre   
Georges,de la Hamel 
Susan,Legrand   
Étienne,Marion-Chevalier   
Thérèse,Launay   
Julien,Chartier-Devaux   
Nathalie,Baron   
Noël,Ruiz du Benoit 
Gabriel,Foucher   
Lorraine,du Diallo  
Frédéric,Dupuy   
Françoise,Bertin   
Victoire,Gilles   
Margot,Le Lebon  
Honoré,Gaillard-Moreau   
Valentine,Leconte   
Émile,Paris   
Benoît,Pages   
Gilles-Vincent,Klein   
Lucie-Sylvie,Roussel   
Adrien,Mary du Maurice 
Agnès,Masse   
Nathalie,Le Da Silva 
Thierry,Adam   
Marguerite,Marie   
Claire,Allard   
Célina,Guyon   
Eugène,du Sanchez  
Augustin,de la Leveque 
Colette-Suzanne,Bonnet   
Georges,Paris   
Michel,Garnier   
Julie,Wagner   
Susan,Picard   
Brigitte,Robert Le Berthelot 
Nicolas,Perret de la Guichard
Étienne,Delorme   
Patrick,Godard de la Vallee
Antoinette,du Hebert  
Adrien,Herve   
Rémy,Rousseau   
Louis,Da Silva  
Thierry,Guillet   
Antoine,Mallet   
Sabine-Margaux,Perrier   
Jeannine,Barbe   
Nath,Pineau   
Marthe,de la Peltier 
Patrick,Martel-Leroux   
Maggie-Manon,Guillet   
Henri,Rey   
Antoine,Jacquet   
Sabine,Charpentier-Wagner   
Monique,Berger   
Gérard,de Thierry  
Marc,Martel   
Astrid-Alix,Bernier   
Roger,Caron   
Juliette,de la Lecoq 
Édouard,du Mathieu  
Eugène,Schmitt   
Édith,Bouvier du Gerard 
David,Giraud-Guillaume   
Luc,Le Gillet  
Laurent,Gerard   
Gilbert,Guibert   
Bernard,Fernandes   
Patrick,Garcia   
Dominique,Pierre   
André,Chauvin   
Maggie,Dos Santos  
Georges,Picard   
Alain,Roche   
Margot,Guillou   
Margaux,Gautier   
Philippine,Olivier   
Céline,Remy   
Alfred,Leduc-Barre   
Gilles,Muller de la Gerard
Olivier,Besnard   
Zacharie,Wagner-Rodrigues   
Maurice,Tessier   
Corinne,du Berger  
Adélaïde,Faivre   
Jacqueline,du Delahaye  
Alexandria,Potier   
Margaud,Mary   
Alphonse,Breton   
Sébastien,Roussel-Benoit   
Jacques,Le Cohen  
Anouk,Lopez   
Frédérique,Pelletier   
Julie,Pereira   
Jean,Albert   
Gilles,Gauthier   
Camille,Le Cousin  
Éléonore,Noel   
Henriette,Lemaitre   
Emmanuel,du Marty  
Agnès-Susan,Dupre   
Élise,Poulain   
Maryse,Devaux de Jacquot 
Alain,du Riou  
Julie,Dupre   
Hugues,Potier   
Josette,Andre   
Laurent,Langlois   
Amélie,Barthelemy   
Luc,Jacques   
Stéphanie,Leleu   
Jacques,Loiseau   
Renée,Remy   
Gabrielle,Riviere   
Marthe,Weiss-Bouchet   
Philippe,Couturier-Marin   
Margaud,Merle   
Geneviève,Le Gaudin  
Suzanne,du Parent  
Suzanne,Mallet   
Édouard,Seguin   
Lucie,Paul-Morvan   
Gilbert,Lesage de Dijoux 
Louise,Lesage   
Claude,Mahe   
Maurice,Tanguy   
Olivier-Étienne,Brunel   
Émile,Dufour   
Aurélie,Gimenez   
Christiane,Pruvost   
William,Mary   
Margaux,Goncalves   
Martin,Deschamps   
Paulette,Maillet-Roche   
Luc,Klein   
Martine,Gomes   
Julien,Carpentier-Garnier   
Raymond,Albert   
Henriette,Vaillant-Carre   
Hortense,Marechal   
Émile,Chauveau   
Luc,Pasquier   
Éléonore,Voisin   
Martine,Ribeiro   
Bertrand,Herve   
Antoinette-Marine,Masson   
Manon,Rolland   
Hortense,Pascal   
Thomas,Raymond de la Auger
Léon,Faure   
Théophile,Benard   
André,Leduc   
Augustin,Pelletier de Legrand 
Matthieu,Martineau de Gillet 
Virginie,Barthelemy   
Isaac,Diallo-Philippe   
Chantal,Rodrigues   
Louise,Weiss   
Vincent,Garnier   
Thomas,Fouquet   
Thibault-Julien,Gosselin   
Louis,Faure de la Picard
Danielle,Pruvost   
Danielle,Chauveau   
Danielle,Pottier   
Brigitte,Jacob-Chevalier   
Suzanne-Virginie,Royer   
Franck,Vincent   
Aimé-Léon,Prevost   
Thierry-Isaac,Gauthier   
Éric,de la Germain 
Adrien,Mary   
Marc,de la Rossi 
Stéphane,Ferrand-Gaillard   
Élodie,Bazin   
Laurent,de Briand  
Anne,Munoz-Humbert   
Emmanuel-Rémy,Vallee   
Luce-Margot,Voisin   
Alexandre-Xavier,Marques   
Céline,Peron   
Jacques,Regnier du Masse 
Raymond-Alphonse,Lucas   
Laurent,Barbier   
Timothée,Olivier   
André,Guyon-Valette   
Aimé,Valette   
Frédérique,Leblanc   
Céline,Bernard   
Simone,de Masse  
Maurice,Pasquier   
Julie,Lefevre   
Margaud,Brunel Le Seguin 
Monique,Martin   
Danielle,Martineau   
Éric,Techer   
Nath,Lamy   
Anaïs,de Albert  
Véronique,Chretien   
Célina,Pasquier   
Noël,Dufour   
Dorothée,de Paris  
Timothée,Philippe   
Stéphanie,Klein   
Clémence,Diallo   
Christine,Millet-Thierry   
daisy,du Voisin  
Grégoire,Samson   
Lucy,Courtois   
Thibault,Boulanger   
Julien,Arnaud-Poulain   
Honoré,Collin   
Jean,Lebon   
Charles,Guichard   
Océane,Laine   
Valérie,Lefevre   
Guy,Boulay   
Valérie,Leclercq du Morvan 
Maggie,Pereira-Fischer   
Philippe,Carre   
Virginie,Bouchet   
Dorothée,Duhamel   
Marguerite,Verdier   
Aimé,Blondel   
Thibaut,de la Valette 
Laurence,Caron-Allard   
Adrienne,de Blot  
Anastasie,Maillard   
Margot,Perrin   
Manon,Lopes   
Bernadette,Allain   
Simone,Delahaye de Lecoq 
Roger,Regnier   
Élisabeth-Louise,Poirier   
Nicole,Muller   
Manon,Rodrigues   
Antoinette,Hoareau   
Astrid,Rousset   
François,Dubois Le Lemonnier 
Stéphanie,Guyot Le Caron 
Simone,Cousin   
Suzanne,Lacroix   
Michelle,Hernandez   
Guillaume,Chartier   
Franck,Leduc   
Zacharie,Gonzalez   
Jacques,Huet   
Françoise,Teixeira   
Célina,Leclerc   
Odette,Moulin   
Nicolas-Denis,Pasquier   
Michelle,Leroux-Navarro   
Georges,Charpentier   
Émilie,de la Blot 
Josette,du Launay  
Roger,Guillon   
Matthieu,Bailly   
Paul,Garcia du Dias 
Juliette,Clerc Le Gilbert 
Victor,Auger   
Aimée,Chauvin   
Margot,Guichard   
Jacques,Raymond   
Xavier,Lacombe   
Nath,Roger   
Maggie,David du Laurent 
Noël,Bertrand   
Victor,Collin   
Alain,Bonnet   
Guillaume-Alphonse,Pierre   
Jean,du Briand  
Alexandrie,Lemaitre   
Victor-André,Blanchet   
Denise-Margaud,Rocher   
Paul,Fouquet   
Odette,Neveu de Perrot 
Andrée,Da Costa  
Odette,Ruiz-Bruneau   
Roger,Lenoir-Legendre   
Laure,Allain du Lesage 
René,de la Fontaine 
Édouard,Schneider du Martinez 
Bertrand,Seguin   
Alain,Bertin   
Denis,Colin   
Laurence,de Charles  
Adrien,de Renard  
Amélie,Maillard   
Gilles,Munoz   
Franck,Marion-Launay   
Hélène,Becker   
Antoinette,Garcia   
Bernadette-Louise,Marty   
Nicole,Guyon   
Inès-Célina,Fernandes   
Édith-Antoinette,Moulin   
Laurence,Ollivier   
Victoire,Duval   
Alexandria,Briand   
Léon,Fontaine   
Raymond,Roussel-Lagarde   
Alfred-Gérard,Prevost   
Nicole,Denis   
Odette-Sophie,Hebert   
Nathalie,de Regnier  
Théodore,Hubert   
Antoine,Maurice-Bailly   
Julien-Gilles,Leger   
Édith-Gabrielle,Teixeira   
David,Le Roux  
Michèle,Roche   
Laurent,Clement-Seguin   
Alexandria,Loiseau   
Alice,Roux   
Madeleine,de la Leger 
Vincent,Dupre   
Georges,Le Guillot  
Margaux,Merle   
Marc,Barthelemy de la Dupuis
Marcel-Louis,Besson   
Marc,Lemaire   
Alexandre,Lenoir   
Mathilde,Charrier   
Juliette,Guillet   
Odette,Pottier   
Diane,Le Barbe  
Raymond-Emmanuel,Gomes   
Marc,Rousseau-Martel   
Robert,du Baudry  
Timothée,Renault-Raymond   
Rémy,Faure du Guillet 
Olivie,Noel   
Nath-Célina,Roussel   
Adélaïde,Herve de la Thibault
Alain,Berger de Dufour 
Nathalie,Girard   
Amélie,Dupre   
André,Bazin-Moreau   
André,Lagarde   
Alain,Delorme   
Franck,Millet   
François,Leclercq   
Véronique,de Lelievre  
Éléonore,Pasquier   
Jacqueline,Perrin   
Thomas,Roux   
Michelle,Jean   
Nathalie,Moreau   
Xavier,De Sousa  
Stéphane-René,Benoit   
Gabrielle,du Martel  
Louis,du Gerard  
René,Pineau   
Jeanne,Bouvet   
Lucas,Vallet-Guerin   
Lucy,Payet   
Audrey,Charles   
Émile,de la Bourgeois 
Danielle-Noémi,Peron   
Nath,Pascal   
Patrick-Alphonse,Bazin   
Thomas,Fischer   
Olivie,Arnaud   
François,Dijoux   
Claudine,Foucher   
Odette,Paris   
Patricia-Clémence,Weber   
Laurence,du Diallo  
Astrid,Lucas   
Laure,Besson   
Caroline,de Etienne  
Gérard,Laine   
Charles,Clement de la Perrin
Sylvie,Guillaume   
Tristan-Georges,Andre   
daisy,Lefevre   
Aurore,Duhamel   
daisy,Ruiz   
Nathalie,Laurent   
David,Coulon   
Gilbert,Roux   
Émile,Da Costa  
Joseph,Lebrun   
Émilie,Delmas-Le Gall  
Éric,du Nguyen  
Jacqueline,Bigot   
Lucie,Martineau de Sanchez 
Maggie,Chauvet   
Alexandrie,Levy   
Charlotte,Chevalier   
Pierre,Gaillard   
Arthur,de Hoareau  
Paul,Carlier   
Pierre,Cohen   
Adrienne,Le Nguyen  
Alice,Roux   
Olivie,Loiseau de Riviere 
Alfred,Marin de Rossi 
Marguerite,Caron   
Camille,Lecomte   
Thibaut,Maury   
Benjamin-Lucas,Michaud   
Christine,Tessier de la Barbe
Jean-Grégoire,Normand   
Charlotte,Delmas de la Roy
Sabine,de Leleu  
Aurore,Baron   
Océane,Leclercq-Lecoq   
Bernadette,Maurice   
Christelle,Clement   
Alphonse,de la Georges 
Marcel,Gay-Bouvier   
Émilie,Didier   
Vincent-André,Roux   
Frédéric,Dupre   
Laetitia,Blondel   
Laure,Guillon   
Léon,Goncalves   
Julie,Bertin   
Xavier,Charles-Legendre   
Emmanuel-Roland,Coste   
Martine-Madeleine,Leroux   
Isaac,Colas-De Sousa  
Théophile,Bourdon   
Amélie,Adam   
Adrien,Fouquet-Bouvier   
Joseph,Potier-Roy   
Martin,Humbert   
Daniel,Besson   
Victoire,Gay   
Thomas,Lacroix   
Laetitia,Goncalves   
Lucy,Moreno   
Timothée,Launay   
Clémence,Schmitt   
Margaux,Faure   
Alain-Théophile,Guillaume   
Benjamin,Le Henry  
Marie-Aurélie,Gomez   
Christine,Blin   
Aimée,Grondin   
Manon-Laetitia,Bailly   
Célina,Pichon   
Alice-Renée,Ferrand   
Pénélope,Delattre   
Jean,Michel   
André,Marchand Le Descamps 
Caroline,Descamps   
Emmanuel,Lacombe   
Sabine,Marechal   
Camille,Gomes   
Roger,Guyot   
Roger,de Pons  
Marthe-Marthe,Gauthier   
Louis,Benard   
Amélie,Louis   
Véronique,Pires   
Augustin,Texier   
Sylvie,Lemonnier   
Timothée,Delmas   
Benjamin,Collin   
Étienne,Jacob   
Étienne,Huet   
Alfred,Le Goff du Normand
Victor,de la Blin 
Michelle,Raymond Le Pires 
Arnaude,Antoine   
Éric,Bonnet   
Michelle,Cordier   
Jean,Mary   
Henri,Fournier-Etienne   
Valérie-Margot,Samson   
Alex,Morin   
Alphonse,Rocher   
Laurence,Thibault-Leconte   
Zoé,Diaz   
Maryse,Aubry   
Gabrielle,Ribeiro   
Jeannine,Le Masson  
Denise,Roux-Le Roux  
Roger,Guibert   
Marie,Thomas   
Alix,Ferrand   
Alexandre,Guerin   
Laure,Germain   
Benoît,Carre   
Amélie,Joseph   
Mathilde,Descamps   
Émilie,Techer   
Nicolas,Buisson du Chevallier 
Arthur,Huet   
Eugène,Moreno   
Augustin,Pons   
Guillaume,Rousset   
Luce,Deschamps   
Édouard-Franck,Adam   
Geneviève,Tessier   
William,Huet-Lebreton   
Noël,Guillou   
Charles,Moulin   
Sophie,Texier   
Nicolas-Jules,Thierry   
Diane,Gerard   
Eugène,Hoareau-Grondin   
Édouard-Rémy,Thomas   
René-Christophe,Nicolas   
André,Lecoq du Le Goff
Alfred,Tessier   
Denis,Fernandez   
Louise,Leveque   
Christelle,Dupuy Le Perret 
Mathilde,Samson   
Éléonore,Alexandre Le Tessier 
Philippe,Goncalves   
Audrey,Lambert de Maillard 
Grégoire,Lesage   
Cécile,Ferrand-Lopes   
Victoire,Camus   
Thibaut,Martel de Fleury 
Daniel-Benjamin,Mace   
Patrick,Le Roy  
Alain,Olivier de Philippe 
Bertrand,Rodriguez de la Hardy
Dominique,Le Roux  
Charles-Paul,Gaudin   
Franck,Menard   
Louis,Parent   
Alexandre-Zacharie,Grenier   
Paul,Carre-Benoit   
Dorothée,Lambert   
Thibaut,Mahe   
Julien,Joseph-Thibault   
David,Bailly   
Matthieu,Lucas   
Denise-Céline,Descamps   
Zoé,Cousin   
Monique,Legrand   
Marcel,Da Silva  
Emmanuel,Legros-Maillard   
Bertrand,Devaux   
Simone,Maury   
Christophe,Lacombe-Marechal   
Alix,Devaux   
Paul,Pineau-Royer   
Lucas,Albert   
Daniel,Turpin   
William,Begue-Allain   
Marguerite-Laure,Moreau   
François,Breton   
Lucas,Philippe   
daisy,Picard   
Guy,Coste-Perrin   
Capucine,Moulin du Blot 
Aimée,Louis   
Jacqueline,De Oliveira  
Jeanne-Laure,Boulanger   
Nicolas,Evrard du Vaillant 
Lucy,Valentin   
Claudine-Stéphanie,Clement   
Patricia,Carre   
Jeannine,Gilles   
Jérôme,Ramos   
Virginie-Éléonore,Baron   
Eugène,Boyer   
Charlotte,Perez   
Nathalie,Marie de Wagner 
Hugues,de Bourgeois  
daisy,Robin   
Madeleine,Labbe   
Alex-Hortense,Mace   
Louis,Valentin   
Augustin,Le Delorme  
Aimé,Bertin   
Bernard-Pierre,Delorme   
Guillaume,Dupre   
Étienne,Martins de la Neveu
Colette,Klein   
Lucas,Carre-Richard   
Julie,Bertin-Ruiz   
Gilbert,Blondel de la Mace
Martin,Jacquot   
Noël,Robert   
Élise,Hoarau   
Christelle,Baron   
Pénélope,Masson   
Maggie,Allain   
Victor,Langlois   
Claire,Charrier de la Etienne
Étienne,Evrard   
Zoé,Michaud   
Léon,Delannoy   
Philippine-Chantal,Guyot   
Maryse,Morel   
Andrée,Bouchet   
Margaret-Aimée,Pierre   
Andrée,Lefort   
Louis,Samson   
Julien,Munoz   
Thibault,Boulanger   
Robert,Coulon   
Renée,Mercier   
Susan,Guerin   
Matthieu,Simon   
Victoire,Perrin   
Frédéric,Delattre   
Gilles,Marion   
Sylvie,Aubert de la Moulin
Anaïs,de Pottier  
Théodore,Reynaud   
Claire-Henriette,Denis   
Noël,Guibert   
Adrien,Gomez-Guerin   
Marcelle,du Gay  
Laure,Carlier   
Christine-Aurore,Pires   
Alphonse,Peron   
David,Renard   
Marguerite,Chartier   
Denis,Pierre   
Marguerite,Cordier-Collin   
Maggie,Martel   
Zacharie,Marques   
Raymond,Le Goff-Lacombe  
Suzanne,Dumont   
Susan,Rossi   
Roger,Berger   
Frédéric-François,Lambert   
Auguste,Morin-Dijoux   
Édouard,Lebreton   
Élisabeth,Roussel du Aubert 
Catherine,Hoarau   
Hélène,Lecoq   
Eugène,Martin   
Aimé,Seguin   
Hortense,Peron   
Patrick,Marchand   
Denise,Morvan   
Nicolas,Gomez   
René,Hoarau   
Renée-Alex,Bourdon   
Henri,Lemaire   
Thibaut,Joseph   
Pierre,Ribeiro   
Valérie,Bertrand de la Foucher
Nicolas,Bertrand de Bousquet 
Dorothée,Monnier   
Michelle,Rousseau   
Alain-Martin,Benoit   
Gilbert,Thierry   
Chantal,Raymond Le Rossi 
Hugues,Fleury   
Marguerite,Rodrigues   
Marguerite,Clement   
Océane,Klein   
Gabriel,Regnier de la Collet
David,Roux   
René,Legrand   
Christelle,Herve   
Arnaude,Masse-Turpin   
Georges-Luc,Martin   
Alex,Ollivier-Berthelot   
Thérèse-Anne,Aubert   
Susanne,Blin   
Marine,Guibert   
Marguerite,Etienne Le Dubois 
Maggie-Marine,Joseph   
Gabrielle,du Chevallier  
Zoé,Mendes   
René,Blanc   
Clémence,Perrot   
Roger,Le Devaux  
Nathalie,Raynaud Le Marie 
Alice,Denis   
Suzanne,Devaux   
Aimée,Bouvier   
Maggie,de la Lucas 
Éric,Courtois   
Denise,Marie   
Diane,Barre   
Zoé,Lacroix   
Gilles,David-Jean   
Christelle,Nguyen   
Thibaut,Perrier Le Guyon 
Alexandre,Brun   
Pauline,Boucher   
Olivier-Matthieu,Schneider   
Amélie,Valentin   
François,Begue   
Nicolas,Costa   
Sabine,Samson-Faivre   
Denis,Allard   
Émile,du Camus  
Lucas,Lebreton   
Alain-Guy,Rousseau   
René,de la Prevost 
Daniel,de Regnier  
Thibault,Philippe   
Gilles-Antoine,Evrard   
Lucie-Sophie,Gautier   
Olivie,Schmitt-Fournier   
Michèle,Gaudin Le Fabre 
Isabelle,Guichard du Moulin 
Aurore,Marechal   
Jérôme,Letellier de Guillou 
Luc,Bernier   
Maryse,Caron   
Arthur,Da Silva-Peron  
Nathalie,Paris   
David-Henri,Gautier   
Timothée,Deschamps du Lacombe 
Corinne,Antoine   
Audrey,Hamel   
Xavier,Henry Le Lambert 
Honoré,Menard   
Gérard,Le Bigot  
Arthur,Poirier   
Bernard,Auger   
Laetitia,Guillet   
Bertrand,Bruneau   
daisy,Philippe   
Susan,Lebreton   
Richard,Monnier   
David,Hoarau   
Adrien,Royer   
Jérôme,Royer du Jacob 
Emmanuel-Thierry,Ferrand   
Renée-Alexandrie,Royer   
Alex,Lacroix Le Hoarau 
Laetitia,Gosselin   
Christelle,Boyer   
Laure,de Martinez  
Gabrielle,Valette de Verdier 
Philippine,Marechal   
Alexandria,Menard   
Margaud,Dupre-Navarro   
François-Matthieu,Gautier   
Marguerite,Lesage   
Sébastien,Potier de la Simon
Jérôme,Valentin   
Martin,Caron   
David,Becker-Gillet   
Zacharie,de la Lenoir 
Corinne,Martin-Barthelemy   
René,Gautier de la Traore
Benjamin,Loiseau-Leconte   
Susan,de Perrot  
Marc,Nicolas du Dupre 
Robert,Clement   
Laurent,Durand   
Victor,Dupre   
Thibault,Dubois   
Nathalie,Tessier   
Jacqueline,Ferreira   
Tristan,Fleury   
Suzanne,Mathieu   
Thibault,Petit   
Auguste,Pineau   
Élisabeth,du Lemonnier  
Émile,Garnier   
Éric,Gomes   
Audrey,Weber   
Paul,Bazin   
Christophe,Vallee-Jean   
Luc,Seguin   
Patricia,Vincent   
Maryse,Lecoq-Marechal   
Vincent,Jourdan   
Isabelle,de Schneider  
Christiane,Michaud   
Isaac,Briand   
David,Laurent   
Océane,Roy Le Gauthier 
Charles,Thomas du Colin 
Alexandrie,Fernandez   
Colette,de la Gay 
Thierry,Delannoy   
Manon,de la Lebreton 
Thomas-Alexandre,Besson   
Marie,de la Hamel 
Thibault,de la Leclerc 
Benoît,Laine du Courtois 
Hugues,Gautier   
Étienne,Humbert   
Denise,Lesage   
Alex,Hoarau   
Adélaïde,Mendes-Charrier   
Patrick,Menard-Gautier   
Christophe,Meunier-Gerard   
Frédéric,Weiss   
daisy,Lacroix   
Élise,Grenier   
Édouard-Marcel,Besson   
Renée,du Roux  
Jacqueline,Bodin-Ferrand   
Inès,Guillot   
Roland,Gillet   
Auguste,du Perez  
Noël,Lagarde   
Philippine,Roche   
Françoise-Pauline,Traore   
Éléonore-Nath,Vallee   
Alfred,Dijoux   
Emmanuel-Thibaut,Thierry   
Laure,Guilbert   
Rémy,Herve   
Eugène,Thomas   
Sylvie,de Gautier  
Lucie,Diaz   
daisy,Gregoire   
Jules,Lenoir   
Jean,Lemaire de Carlier 
Aurore,Robert-Clement   
Laurent,du Caron  
Alfred,Bourdon   
Thomas,Morvan   
Astrid,Loiseau   
Monique,Didier   
Antoine,Loiseau   
Denise,Le Goff  
Lucy-Joséphine,Salmon   
Marie,Fontaine de la Huet
Manon,Leclerc   
Michelle,Ferrand   
Marthe-Jeannine,Marty   
Philippe-Olivier,Blanc   
Suzanne,Richard-Lemaitre   
Colette,Gautier-Legrand   
Marc-Marc,Richard   
Denis,Devaux de la Gros
Alphonse,Blanc du Gallet 
Théodore,Brunel   
Raymond,Devaux   
Grégoire,Nguyen   
Camille-Claire,Lebon   
Josette,Pons-Leroux   
Danielle,Rossi   
Éléonore,de Aubry  
Léon,Allain   
Mathilde,Martineau   
Céline,Roche   
Valentine,Charles   
Théophile,Le Ollivier  
Laurent,Lesage   
Virginie,Hebert   
Gabriel,Maillot   
Aurore,Lebrun   
Sébastien,Leger   
Lucy,Vallee   
André,Leger   
Élise,Monnier   
Hugues,Gaillard   
François,Lemonnier   
Hugues-Stéphane,Fouquet   
Nicole-Christine,Pires   
Christine,Lacombe   
Noémi,Mathieu   
Nath,de la Couturier 
William,Dias-Dupuy   
Noémi,Laurent-Dupont   
Guy,Payet   
Virginie,Marie   
Auguste,du Hernandez  
Frédéric,Schmitt   
Susanne,Lecoq   
Matthieu,Chartier-Noel   
Paulette,Goncalves-Mendes   
Adrien,Foucher   
Laurent,Vallet   
Aurore,Imbert   
Marianne,Texier   
Marianne,du Grondin  
Émile,Brunet   
Michel,Guilbert   
Henriette-Louise,Henry   
Jules,Marty   
Augustin-Émile,Rousset   
Michelle,Guyot   
Mathilde,Dumas-Guillaume   
Hugues,Petitjean-Nicolas   
Xavier,Benoit   
Julien,Fontaine   
Roger,Prevost   
Sylvie,Sanchez   
Victoire,Letellier   
Andrée,Humbert   
Claude,Simon   
Olivier,Neveu   
Brigitte,Legros   
Laure,Morin   
Véronique,Mahe Le Paul 
Roland,Guillou   
Honoré,Dijoux   
Caroline,Nicolas-Pascal   
Michelle,Roy   
Eugène,Alves   
Claudine,Roux   
Matthieu,Aubry   
Pénélope,Reynaud   
Marine,Dupuy   
Frédérique,Perrin   
Sophie,Perez   
Vincent,Barre   
Odette,Marie-Morvan   
Antoine,Lesage   
Nicole-Olivie,Paris   
André,Vallee   
Isabelle,Regnier   
Marc,Duval   
Dorothée,Leconte   
Gilles,Pinto   
Eugène,Leclercq   
Jacques-René,Arnaud   
Honoré,Lebon   
Gilbert,Petitjean   
Jérôme,Grenier   
Caroline,Chauveau   
Laetitia,Hardy   
Guillaume,Meunier   
Odette,Moreau   
Augustin,Guillet   
Émile,Baudry   
Lucie,Le Chretien  
Valentine,Ruiz   
Roland,Faure   
Capucine,Gros   
Noël,Petit   
Aurélie,Collin   
Vincent,Gregoire   
Virginie,Marques   
Cécile,Remy   
Audrey,Marechal-Brunel   
Agathe,Le Le Goff 
Eugène,Pascal   
Étienne,Merle   
daisy,Bonneau   
Frédéric-Louis,Baudry   
Pauline,Texier   
Alexandrie,Renault   
Stéphanie,de la Martin 
Stéphane,Gilbert-Hamon   
Xavier-Grégoire,Schmitt   
Théophile-Alfred,Roy   
Astrid,Lopes   
Astrid,Bazin   
Christiane,Legros   
Henri,Le Nicolas  
Gilles,Raymond   
Victoire,Brun   
Renée,Toussaint   
Anne,Evrard   
Virginie,Valentin   
Antoinette,Klein-Gauthier   
Gérard,Joly   
Christelle,Charrier de la Delattre
Xavier,Mary   
Michel,Breton   
Danielle,Barre   
Théodore,Leleu de Jacquet 
Nicolas,Le Rodriguez  
Emmanuel,Baudry   
Caroline,Andre   
Lorraine,de Le Gall 
Bertrand,Masson de Lambert 
Margaud,Gautier   
Georges,Berger   
Juliette,Navarro   
William,Moreau   
Luc,Le Brunet  
Maggie,Cousin   
Adrien,Lefebvre   
Georges,Hubert   
Bernadette-Christine,Berthelot   
Alex,Lecoq du Rossi 
Benjamin,Henry   
Rémy,Legendre-Mace   
Léon,Lefebvre   
Julie,Muller   
Martin,Bourgeois   
Émile-Roland,Dupuis   
Alexandria,Da Silva  
Aimée,Bruneau   
Marcelle,Bertrand de Lopes 
Chantal-Corinne,Ramos   
Constance,Hoarau   
Julie,de Besson  
Étienne,Vallet   
Étienne-Gérard,Lemaire   
Bertrand,Gauthier   
Alain,Rousset   
Cécile,Parent   
Alice,Schneider   
Zacharie,Leroux   
Alexandrie,Ledoux   
Raymond,Payet   
Capucine-Joséphine,Raymond   
Louise,Ramos-Guibert   
Hortense,Guibert de la Millet
Alice,Clerc   
Jules-Franck,Alves   
Théophile,Boutin   
Alix,Nguyen   
Laure,du Ribeiro  
Jules-Jean,Brunel   
Arthur,Gaudin de Marion 
Julien,Bernier-Hebert   
Nicole-Lucy,Leroux   
Émile,de Hamon  
Thibaut,Turpin Le Le Gall
Édith,du Dupre  
Camille,de Bourgeois  
Georges,Gauthier   
Aimée,Guillou   
André,Aubert   
Lucas,Lemaire-Monnier   
Philippine,Dupont   
Marguerite-Catherine,Marie   
Marine,Laurent   
Alexandria-Suzanne,Pages   
Sébastien,Garcia   
Jérôme,Teixeira   
Aimée,Lacroix-Lambert   
Paul,Boulay   
Margaux,Cordier-Petitjean   
Noël,de la Lefevre 
Yves,Potier   
Thibault-Lucas,Collet   
Marie,Lagarde de la Dupont
Cécile-Simone,Allard   
Benjamin,Tanguy   
Augustin,Lebon-Toussaint   
Emmanuel,Guerin   
Jacqueline-Anouk,Remy   
Olivie,Deschamps   
Élise,Leconte   
Olivier,Laroche   
Laure,Briand-Henry   
Thierry,Pinto   
Lorraine,Vidal   
Julien,Marchand   
Isaac,Riou   
Philippe,Barbier   
Léon,Roussel   
Clémence,de la Dumont 
Philippine-Claudine,Humbert   
François,Girard-Tessier   
Gérard,Techer-Besson   
Laurent,Legendre   
Christophe,Begue   
Joseph,Hoareau   
René,Lebreton du Delorme 
David,Fischer   
Richard,Hoarau   
Laurent-Frédéric,Teixeira   
Alexandria,Boutin   
Nicole,Chauveau   
Brigitte,Perrier   
Émilie,Peltier   
Eugène,Marechal   
Tristan,Bodin   
Alphonse,Techer   
Adélaïde,Lecoq   
Margaux,Thibault-Baron   
Michel,Poirier   
Stéphane,Herve   
Jacques,Gomez   
Geneviève,Lenoir   
Hélène,Bonnet-Pottier   
Danielle,Bousquet   
Thomas-Léon,Aubert   
Aimée,Raynaud   
Augustin,Martin-Lefort   
Bernard,Laurent   
Raymond,Leger   
Alice,Brunet   
Martin-Charles,Leclerc   
Nicolas,Clement   
Maggie,Evrard   
Alex,Bonnin   
Édith-Dorothée,Caron   
Philippe-Georges,Marechal   
Julien,Imbert   
Susan,Vallet   
Jean,Menard   
Lucas,Barbier-Lebrun   
Thibaut,Martins-Letellier   
Édouard,Le Delannoy  
Geneviève,Jacquot   
Anne,Marty   
René,Weiss de Joseph 
Odette,de Brunet  
Gilbert,Moreno   
Joseph,Briand de la Peltier
Suzanne,Le Roux  
Charles,Renaud   
Jean,Klein   
Michelle,Brun   
Audrey,Delahaye-Perrot   
Laurent,Imbert   
Alphonse,Chevalier   
Roger,Le Pinto  
Hugues,Chevalier-Navarro   
Cécile,Fournier   
William,Wagner   
Alain,Delaunay   
Mathilde,Lacombe   
Alexandre,Lopes   
Maryse,Chevalier   
Frédéric,Fabre   
Édith,Pruvost de Chauveau 
Stéphane,Foucher   
Amélie,Le Goncalves  
Noël,Vaillant   
Joséphine-Margot,Leroy   
Constance,Gosselin   
Raymond,Petitjean   
Zacharie,Bourgeois   
Stéphanie,Boyer   
Roland,de Renault  
Laure,Mahe   
Céline,Delattre   
Aurélie,Fontaine   
Paulette,Pottier de la Leleu
Léon-Hugues,Picard   
Alphonse,Duhamel   
Nath,de Fleury  
Margaux,Roussel   
Arnaude,Royer   
Alain,Joubert   
Théophile,de la Gonzalez 
Jean,Fontaine-Descamps   
Stéphanie,Regnier   
Valérie,Le Fabre  
Bertrand,Richard   
Nathalie,Gaudin   
Adrienne,Tessier du Prevost 
Sabine,Traore   
Luc,Dupre   
Pierre,Didier   
Margaud,Simon du Chauvin 
Antoine,Rodrigues   
Anne,Pelletier-Barthelemy   
Laurence,Lecoq   
Benoît,Boulanger   
Margaux,Regnier   
Julie,Potier   
Thierry,Bourdon   
Valentine,de Petit  
Margaret,Guillou   
Marine,Ledoux de Toussaint 
Yves,Allard   
Thibaut-Théodore,Begue   
Astrid,Besson   
Théodore,Philippe   
Capucine,du Gomez  
Benoît,Joseph   
William,Bourgeois de Martel 
Roger,Marion de Le Gall
Paul,Perrot du Chevallier 
Sabine,Antoine du Moreau 
Emmanuel-Sébastien,Legrand   
Anastasie,Vaillant   
Bernadette,Dias   
Gérard,de Neveu  
Philippe,Poulain-Seguin   
Capucine,Rousseau   
Élise-Anaïs,Letellier   
Antoinette,de Lacroix  
Thibault,Monnier   
Patricia,Lenoir   
Luce,Rossi   
Louise,Legros de Berthelot 
Luce,Leclercq   
Bernard,Marty   
Guillaume,Alves   
Marc-Matthieu,Ferrand   
Louis,Lemaitre   
Eugène-Noël,Lesage   
Laure,Lemaire   
Margot,Carpentier   
Alfred,Fleury   
Chantal,Masson
Joshua2,Lewis
Joshua2,Frey
Christopher2,Anderson
Jonathan2,Mitchell
Donna2,Russell
Michele2,Howard
Pamela2,Scott
Brian2,Davis
Sandra2,Howard
Anthony2,Davenport
Brian2,Chapman
Julia2,Martinez
Edwin2,Adams
Joan2,Patel
Justin2,Estes
Kelly2,Williams
Heather2,Andrews
Brianna2,Wright
Amanda2,Hayes
Donald2,Garcia
Joseph2,Smith
Traci2,Miller
Deanna2,Perez
Donna2,Williams
Nicole2,Sanders
Ricky2,Taylor
Amber2,Gaines
Raymond2,Valentine
Raymond2,Howell
David2,Wong
Jocelyn2,Johnson
Ryan2,Gonzalez
Katherine2,Duarte
Michele2,Gibson
Steven2,Stuart
Emily2,Hunt
Briana2,May
Frances2,Aguilar
Bradley2,Hatfield
Adam2,Lopez
Daniel2,Watkins
Bryan2,Patel
Hailey2,Haley
Jared2,Kim
Jessica2,Pugh
Julie2,Morris
Kevin2,Thompson
Vanessa2,Vasquez
Lisa2,Jones
Anne2,Odom
Jamie2,Hanson
Laura2,Brooks
Larry2,Todd
Sharon2,Taylor
Melissa2,Beasley
Maria2,Carr
Jennifer2,Chang
Joshua2,Martinez
David2,Herrera
Brandon2,Alvarado
Jose2,Rubio
Jaime2,Johnson
John2,Schultz
Jimmy2,Davis
Michael2,Quinn
Taylor2,Peters
Candice2,Bird
Ashlee2,Hunt
Alan2,Miller
Lauren2,Brown
Blake2,Brown
Suzanne2,Porter
Nicole2,Church
Danielle2,Diaz
Daniel2,Andrews
Donna2,Bennett
Keith2,Williams
Jesse2,Gonzalez
John2,Villegas
Jeremy2,Skinner
Beth2,Houston
Carrie2,Graves
Tanya2,Walker
Dillon2,Yang
Kenneth2,Pearson
Jennifer2,Wolf
Michael2,Bright
Kimberly2,Brooks
Deborah2,Cardenas
Kara2,King
Bridget2,Morris
Bobby2,Monroe
Robert2,Marquez
Richard2,Allison
Sean2,Andersen
Christopher2,Mercer
Joseph2,Long
Sylvia2,Holder
Krista2,Baker
Meghan2,Jordan
Amanda2,Manning
Terry2,Thomas
Mason2,Kaiser
Larry2,Dawson
Andrew2,Marshall
Michaela2,Smith
Michael2,Daniels
Christopher2,Wheeler
Kaylee2,Franklin
Amanda2,Miller
Stephen2,Ball
Kenneth2,Hall
Ronald2,Lopez
Jessica2,Haynes
Alicia2,Cummings
Frank2,Duffy
Joshua2,Peterson
Steven2,Thompson
Janice2,Khan
Candice2,Flores
Erica2,Morris
Colleen2,Meyer
Jamie2,Tran
Francisco2,Watson
Jeremy2,James
April2,Adams
Cheryl2,Carpenter
Henry2,Schwartz
Johnny2,Morris
James2,Mason
Jacob2,Perez
Carl2,Parker
Zachary2,Durham
Frank2,Greene
Eric2,Allen
Matthew2,Thomas
Mark2,Williams
Travis2,Long
Christopher2,Gaines
Brittany2,Cook
Kevin2,Salas
Sara2,Weaver
Belinda2,Browning
Derek2,Kelly
Emily2,Heath
Isabella2,Sosa
Leah2,Fields
Cynthia2,Sullivan
David2,Klein
Ashley2,Patel
John2,Delgado
Hannah2,Mitchell
David2,Mason
Michael2,Friedman
Erik2,Adams
William2,Guzman
Douglas2,Holloway
Gregory2,Henry
Jamie2,Clark
Ronald2,Reeves
Mackenzie2,Lee
Tina2,Smith
Nicole2,Rosales
Daniel2,Romero
William2,Bell
Phillip2,Mayer
Robert2,Cunningham
Michael2,Harris
Jennifer2,Medina
Kathleen2,Butler
Amy2,Rodriguez
Susan2,Thomas
Linda2,Hill
Christopher2,Boyle
Steven2,Smith
Thomas2,Thompson
Nancy2,Lawson
Nicholas2,Mullins
David2,Crawford
Michelle2,Douglas
Benjamin2,Hamilton
Zachary2,Leblanc
Gary2,Nash
Sabrina2,Dunn
Deanna2,Stein
Samantha2,Williams
Jacqueline2,Burns
Jerome2,Cabrera
Jackie2,Clark
Jamie2,Boyd
Priscilla2,Myers
Julie2,Best
Alison2,Williamson
Traci2,Martin
Timothy2,Chapman
Susan2,Sparks
Miguel2,Lee
David2,Moore
Jerry2,Macdonald
David2,Vega
James2,Hale
Barbara2,Harris
Madison2,Armstrong
Shannon2,Jones
Brent2,Graham
Thomas2,Ramos
Cynthia2,Stanton
Adrian2,Mcintosh
Paul2,Robinson
Mrs2.,Patricia
Derrick2,Lewis
Randy2,Sanchez
Zachary2,Ross
Carla2,Perez
Dr2.,Crystal
Kayla2,Simpson
Haley2,Armstrong
Randy2,Duncan
Brittany2,Stewart
Kristina2,Garcia
Diana2,Swanson
Kelly2,Smith
Michele2,Chandler
Matthew2,Byrd
Kevin2,Parsons
Craig2,Shelton
Priscilla2,Blanchard
Diane2,Doyle
Nicholas2,Macias
Ryan2,Moore
Alexandra2,Guzman
John2,Williams
Jeremy2,Cruz
Sarah2,Davis
Kyle2,Smith
Linda2,Rivera
Robin2,Daugherty
Stephanie2,Smith
John2,Wood
Cheryl2,Gonzalez
Deanna2,Garcia
Bonnie2,Hernandez
Lisa2,Allison
Douglas2,Maynard
Adam2,Neal
Anne2,Rojas
Jonathan2,Mckinney
Ellen2,Lopez
Karen2,Smith
Derek2,Cook
Brooke2,Stone
Gail2,Diaz
Sarah2,Small
Monica2,Elliott
John2,Merritt
Sean2,Rivera
Garrett2,Johnson
Cheryl2,Taylor
Veronica2,Parker
Melissa2,Martinez
Michael2,Barker
Steven2,Larson
Johnny2,Pena
Maurice2,Sanders
Denise2,Rivera
Matthew2,Mitchell
Ricardo2,Garcia
John2,Harvey
Charlene2,Lee
Stephanie2,Dennis
Erika2,Pearson
Carl2,Smith
Gregory2,Baker
Kyle2,Mccarthy
Peter2,May
Kevin2,Walsh
Peter2,Rose
Thomas2,Thomas
Jonathon2,Johnson
Allison2,Brooks
Jessica2,Meyer
Denise2,Mcdonald
Alexander2,White
Marcus2,Stein
Bryan2,Robles
Lisa2,Rodriguez
Melinda2,Nguyen
Denise2,Moyer
Charles2,Murray
Kristen2,Shannon
Denise2,Ortiz
Patricia2,Gross
Alison2,Miller
Kathleen2,Poole
Jennifer2,Garza
Michael2,Warner
Jill2,Crosby
Patricia2,Cortez
Diane2,Ramirez
Elizabeth2,King
Deanna2,Ellis
Michael2,Evans
Julie2,Graham
David2,Bell
Kristina2,Pearson
Heidi2,Robinson
Carol2,Shepherd
Brendan2,Hanson
Andrea2,Wong
Joel2,Clark
Eric2,Richardson
Bernard2,Garrison
Timothy2,Gutierrez
Stacey2,Stephens
Brian2,Thompson
Andrew2,Robinson
Erin2,Smith
Melissa2,Myers
John2,Foster
Amanda2,Hopkins
Jane2,King
Kenneth2,Brown
Dan2,Shields
Robert2,Pennington
Michael2,Jones
Michael2,Pope
Gary2,Turner
Adam2,Fowler
Patricia2,Arellano
Melissa2,Holmes
Richard2,Fernandez
Taylor2,Becker
Jenna2,Santos
Cynthia2,Lutz
Charles2,Daniels
Meagan2,Patel
Mary2,James
Molly2,Romero
Debra2,Schmidt
Mathew2,Boyd
Austin2,Warren
Vickie2,Russell
Kevin2,Oneal
Sarah2,Diaz
David2,Hester
Anita2,Snow
Heather2,Gilbert
Margaret2,Roberts
Deborah2,Grimes
Ruben2,Chan
Daniel2,Le
Sandra2,Savage
Taylor2,Weber
Adrian2,Bailey
Stephen2,Blackburn
Laura2,Miranda
Steven2,Diaz
Lance2,Johnson
Lindsay2,Rogers
Tony2,Rowe
Michael2,Lewis
Tiffany2,Simmons
Donna2,Pope
Sandy2,Lynch
Kelly2,Green
Lindsey2,Pacheco
Mario2,Black
Erica2,Evans
Wesley2,Williams
Emily2,Morrow
Stephen2,Decker
Carly2,Rojas
Anna2,Torres
George2,Owens
Tiffany2,Andrews
Jonathan2,Higgins
Antonio2,Ayala
Casey2,Rivera
Lisa2,Kelly
Jessica2,Greene
Claudia2,Roberson
Francis2,Hernandez
John2,Gonzalez
Ronald2,Vasquez
Reginald2,Elliott
Tyler2,Duncan
Wesley2,Lin
Cassie2,Murphy
Joseph2,Adams
Alicia2,Dillon
Donna2,Clark
Laura2,Schmidt
Mark2,Reed
Rebecca2,Mcdonald
Laura2,Jones
Michael2,Combs
Victoria2,Nash
Sean2,Kelly
Ricky2,Taylor
Brian2,Huang
Brandon2,Williams
Paul2,Myers
Brandi2,Brady
Deborah2,Harris
Michelle2,Howe
Brian2,Klein
Katie2,Holmes
Ryan2,Robinson
Joshua2,Clark